-- phpMyAdmin SQL Dump
-- version 4.6.6deb5
-- https://www.phpmyadmin.net/
--
-- Host: localhost:3306
-- Generation Time: Jan 28, 2020 at 10:58 PM
-- Server version: 5.7.29-0ubuntu0.18.04.1
-- PHP Version: 7.2.24-0ubuntu0.18.04.2

SET SQL_MODE = "NO_AUTO_VALUE_ON_ZERO";
SET time_zone = "+00:00";


/*!40101 SET @OLD_CHARACTER_SET_CLIENT=@@CHARACTER_SET_CLIENT */;
/*!40101 SET @OLD_CHARACTER_SET_RESULTS=@@CHARACTER_SET_RESULTS */;
/*!40101 SET @OLD_COLLATION_CONNECTION=@@COLLATION_CONNECTION */;
/*!40101 SET NAMES utf8mb4 */;

--
-- Database: `eshop`
--

-- --------------------------------------------------------

--
-- Table structure for table `failed_jobs`
--

CREATE TABLE `failed_jobs` (
  `id` bigint(20) UNSIGNED NOT NULL,
  `connection` text COLLATE utf8mb4_unicode_ci NOT NULL,
  `queue` text COLLATE utf8mb4_unicode_ci NOT NULL,
  `payload` longtext COLLATE utf8mb4_unicode_ci NOT NULL,
  `exception` longtext COLLATE utf8mb4_unicode_ci NOT NULL,
  `failed_at` timestamp NOT NULL DEFAULT CURRENT_TIMESTAMP
) ENGINE=InnoDB DEFAULT CHARSET=utf8mb4 COLLATE=utf8mb4_unicode_ci;

-- --------------------------------------------------------

--
-- Table structure for table `migrations`
--

CREATE TABLE `migrations` (
  `id` int(10) UNSIGNED NOT NULL,
  `migration` varchar(191) COLLATE utf8mb4_unicode_ci NOT NULL,
  `batch` int(11) NOT NULL
) ENGINE=InnoDB DEFAULT CHARSET=utf8mb4 COLLATE=utf8mb4_unicode_ci;

--
-- Dumping data for table `migrations`
--

INSERT INTO `migrations` (`id`, `migration`, `batch`) VALUES
(1, '2014_10_12_000000_create_users_table', 1),
(2, '2014_10_12_100000_create_password_resets_table', 1),
(3, '2019_08_19_000000_create_failed_jobs_table', 1),
(4, '2020_01_28_195932_create_products_table', 1),
(5, '2020_01_28_200020_create_reviews_table', 1);

-- --------------------------------------------------------

--
-- Table structure for table `password_resets`
--

CREATE TABLE `password_resets` (
  `email` varchar(191) COLLATE utf8mb4_unicode_ci NOT NULL,
  `token` varchar(191) COLLATE utf8mb4_unicode_ci NOT NULL,
  `created_at` timestamp NULL DEFAULT NULL
) ENGINE=InnoDB DEFAULT CHARSET=utf8mb4 COLLATE=utf8mb4_unicode_ci;

-- --------------------------------------------------------

--
-- Table structure for table `products`
--

CREATE TABLE `products` (
  `id` bigint(20) UNSIGNED NOT NULL,
  `name` varchar(191) COLLATE utf8mb4_unicode_ci NOT NULL,
  `detail` text COLLATE utf8mb4_unicode_ci NOT NULL,
  `price` int(11) NOT NULL,
  `stock` int(11) NOT NULL,
  `discount` double NOT NULL,
  `created_at` timestamp NULL DEFAULT NULL,
  `updated_at` timestamp NULL DEFAULT NULL
) ENGINE=InnoDB DEFAULT CHARSET=utf8mb4 COLLATE=utf8mb4_unicode_ci;

--
-- Dumping data for table `products`
--

INSERT INTO `products` (`id`, `name`, `detail`, `price`, `stock`, `discount`, `created_at`, `updated_at`) VALUES
(1, 'sed', 'Dolore repudiandae quia ipsum hic et. Omnis sed nemo neque quia. Iure voluptas nam nam aperiam nihil repellendus et excepturi.', 645, 9, 3, '2020-01-28 20:58:13', '2020-01-28 20:58:13'),
(2, 'qui', 'Vel et ut sint assumenda libero. Aspernatur alias non velit omnis est. Consectetur iure praesentium omnis hic voluptas. Illo molestiae sit sint voluptas.', 423, 9, 10, '2020-01-28 20:58:13', '2020-01-28 20:58:13'),
(3, 'omnis', 'Quisquam aut ut cupiditate nihil. Sit tempora iste hic rerum veritatis ducimus. Animi dolorem doloribus quas.', 760, 8, 19, '2020-01-28 20:58:13', '2020-01-28 20:58:13'),
(4, 'itaque', 'Molestiae est et debitis nam autem suscipit ipsam ad. Dicta ut labore officiis accusamus. Enim quia totam natus reiciendis repellendus est neque. Perspiciatis aut minus neque officia ea dolorum alias.', 118, 0, 17, '2020-01-28 20:58:13', '2020-01-28 20:58:13'),
(5, 'aut', 'Explicabo eos ab qui error tempora tenetur. Magnam voluptas qui error amet temporibus fugit iste consequuntur. Ut et est incidunt ipsum est soluta ratione. Neque dolorum sunt error veniam.', 116, 2, 10, '2020-01-28 20:58:13', '2020-01-28 20:58:13'),
(6, 'ducimus', 'Nemo aut id earum delectus nulla et. Quo dolore facilis repellendus accusantium distinctio quisquam sed. Placeat fuga ullam eveniet quod quia eos dolorem.', 878, 1, 14, '2020-01-28 20:58:13', '2020-01-28 20:58:13'),
(7, 'optio', 'Et unde quae error id. Mollitia rerum aut nostrum harum sit.', 680, 8, 11, '2020-01-28 20:58:13', '2020-01-28 20:58:13'),
(8, 'natus', 'Hic ex assumenda voluptatem id reiciendis porro. Rerum eum ea labore autem dolore distinctio. Eaque eius velit explicabo aspernatur similique laudantium rerum.', 780, 9, 19, '2020-01-28 20:58:13', '2020-01-28 20:58:13'),
(9, 'eligendi', 'Inventore molestiae ad quae eos id. Reprehenderit rerum fugit voluptatem dolorem quas tempora velit. Optio velit nihil omnis sed. Sed ipsum porro est dolorum qui.', 925, 5, 20, '2020-01-28 20:58:13', '2020-01-28 20:58:13'),
(10, 'tempore', 'Animi error ducimus dicta itaque facere quis deserunt. A perspiciatis autem sunt est repellat. Ut ab dolorem necessitatibus voluptatem. Eos eveniet autem est voluptate. Asperiores est debitis consequatur tempora.', 572, 2, 24, '2020-01-28 20:58:13', '2020-01-28 20:58:13'),
(11, 'ut', 'Consequuntur officiis quo aliquid ullam culpa fugit dicta magnam. Accusamus adipisci ipsum et ut molestiae dicta. Vero tenetur esse aut ea cum. Ab quam non soluta nam.', 182, 5, 22, '2020-01-28 20:58:13', '2020-01-28 20:58:13'),
(12, 'illo', 'Cumque beatae et molestiae quidem quae quae totam deserunt. Commodi temporibus et consectetur sed vitae vero impedit. Minus quibusdam a tempora nulla debitis numquam ut. Nostrum culpa rem quidem in amet. Quis porro earum asperiores illum temporibus minima voluptatem.', 639, 5, 21, '2020-01-28 20:58:13', '2020-01-28 20:58:13'),
(13, 'ea', 'Alias aperiam qui iusto velit eveniet. Id iure sapiente vitae porro ratione itaque. Ipsa repellat facere similique eum quibusdam et. Sunt aspernatur omnis omnis eius quas aspernatur.', 488, 0, 4, '2020-01-28 20:58:13', '2020-01-28 20:58:13'),
(14, 'sapiente', 'Consequatur ducimus enim veniam eligendi animi saepe sunt distinctio. Ea quo facere vero perspiciatis quod. Nulla ut velit quo cupiditate quibusdam sed vitae voluptatem.', 629, 8, 25, '2020-01-28 20:58:13', '2020-01-28 20:58:13'),
(15, 'nihil', 'Quia et corrupti quos neque neque quaerat illum. Dolor enim aut vitae facere consectetur. Molestiae ut magnam exercitationem quia unde non corporis.', 960, 1, 4, '2020-01-28 20:58:13', '2020-01-28 20:58:13'),
(16, 'eum', 'Nesciunt velit sapiente vel quia alias molestias dicta. Alias beatae rerum rerum maiores qui omnis. Quod minus voluptatem inventore ad ut.', 102, 0, 18, '2020-01-28 20:58:13', '2020-01-28 20:58:13'),
(17, 'aut', 'Ipsa sed dignissimos et architecto velit. Aspernatur aut excepturi aperiam repellat. Veniam ut enim unde qui.', 985, 0, 22, '2020-01-28 20:58:13', '2020-01-28 20:58:13'),
(18, 'assumenda', 'Officia quod omnis rerum et fugiat nobis dolor quod. Facere iure omnis vero tempora sunt. Dolor dolor molestiae pariatur odio laboriosam aut eius. Assumenda neque ut a dolor odit non suscipit.', 711, 5, 29, '2020-01-28 20:58:13', '2020-01-28 20:58:13'),
(19, 'id', 'Perspiciatis est hic consequatur qui quia voluptatem. Eaque omnis expedita quas quia. Qui fugiat recusandae rerum ipsa dolor et quae.', 901, 1, 8, '2020-01-28 20:58:13', '2020-01-28 20:58:13'),
(20, 'magni', 'Quam qui et recusandae quisquam velit suscipit quia non. Perferendis tempora ut sequi voluptatem. Labore distinctio minima sequi harum optio id culpa.', 153, 9, 8, '2020-01-28 20:58:13', '2020-01-28 20:58:13'),
(21, 'sed', 'Id sed non non ipsa non consequuntur ut. Amet illo aliquid dolore accusamus. Voluptatem quia corrupti facere voluptas sit asperiores. Possimus sequi ipsa dolores doloremque.', 799, 9, 18, '2020-01-28 20:58:13', '2020-01-28 20:58:13'),
(22, 'dolor', 'Dolor odit esse quo id quae molestiae aliquid. Ipsa hic recusandae voluptatibus. Blanditiis nihil explicabo accusantium consequatur aut.', 591, 2, 9, '2020-01-28 20:58:13', '2020-01-28 20:58:13'),
(23, 'repellat', 'Vel et sequi quidem quo consectetur accusamus vero eum. Minus earum et iusto voluptatem impedit voluptas. Molestiae repellendus provident quia quod libero.', 398, 6, 21, '2020-01-28 20:58:13', '2020-01-28 20:58:13'),
(24, 'perspiciatis', 'Magni aut aut labore voluptatem laborum itaque iure dolorem. Corporis a sunt animi dolore repellendus quae. Eos vero et maxime. Ut placeat accusantium voluptatem explicabo nihil.', 120, 0, 14, '2020-01-28 20:58:13', '2020-01-28 20:58:13'),
(25, 'repellendus', 'Quibusdam at eligendi enim aut. Sed id aut deleniti id nobis consectetur eos. Ut omnis dolores provident aut ipsum voluptatibus commodi. Qui nihil dolorem suscipit non veniam omnis laboriosam.', 621, 3, 27, '2020-01-28 20:58:13', '2020-01-28 20:58:13'),
(26, 'est', 'Saepe sint id dignissimos dolorem. Saepe alias eveniet adipisci et voluptate explicabo. Voluptatem nesciunt incidunt nostrum adipisci repellendus et aliquam minus. Cupiditate animi eos perferendis itaque.', 543, 9, 25, '2020-01-28 20:58:13', '2020-01-28 20:58:13'),
(27, 'excepturi', 'Voluptas veniam ea tempora autem rerum. Aperiam ipsa non saepe voluptas asperiores. Enim ut dicta repellat est. Exercitationem eos placeat ratione.', 622, 6, 9, '2020-01-28 20:58:13', '2020-01-28 20:58:13'),
(28, 'consequuntur', 'Voluptas blanditiis omnis ut est. Iste ab tenetur sed rerum. Unde eum blanditiis voluptas laboriosam. Autem ut consequatur modi dolor debitis quo est quos. Sequi quae velit corrupti suscipit.', 785, 7, 3, '2020-01-28 20:58:13', '2020-01-28 20:58:13'),
(29, 'facilis', 'Tempora ex ut molestiae architecto sint eos. Unde voluptas est error cupiditate ipsa facilis qui. Non ullam nostrum adipisci voluptatem asperiores voluptatum. Id rerum aut unde.', 278, 4, 15, '2020-01-28 20:58:13', '2020-01-28 20:58:13'),
(30, 'dolorem', 'Voluptas nihil velit officia consequatur et vitae. Illum deleniti voluptates enim dolor quam a. Ducimus temporibus dolorem modi qui repellendus fugit consequatur.', 961, 9, 25, '2020-01-28 20:58:13', '2020-01-28 20:58:13'),
(31, 'cupiditate', 'Qui explicabo a repellat delectus. Eius qui aut et vero hic. Velit qui enim quia quasi vel ut adipisci.', 204, 2, 16, '2020-01-28 20:58:13', '2020-01-28 20:58:13'),
(32, 'quidem', 'Totam velit cum consequuntur quis aliquid. Perferendis non nihil eum cum expedita explicabo blanditiis. Sit et doloribus expedita omnis deserunt iusto ipsam.', 135, 3, 10, '2020-01-28 20:58:13', '2020-01-28 20:58:13'),
(33, 'error', 'Sunt nulla laborum quia voluptas exercitationem harum eum. Accusamus ad quia laudantium aspernatur. Velit qui et earum est dolor impedit qui. Voluptatem quaerat deleniti omnis aperiam ducimus.', 727, 7, 27, '2020-01-28 20:58:13', '2020-01-28 20:58:13'),
(34, 'praesentium', 'Beatae sit nobis quas. Quas quia non officiis quibusdam voluptatem. Quasi delectus repudiandae sit et velit pariatur.', 798, 4, 25, '2020-01-28 20:58:13', '2020-01-28 20:58:13'),
(35, 'nihil', 'Quisquam eum illo odio sit expedita nisi fuga. Ut non pariatur et consequatur reiciendis quia. Labore aliquam reprehenderit dolor laudantium magnam doloremque numquam.', 204, 3, 20, '2020-01-28 20:58:13', '2020-01-28 20:58:13'),
(36, 'aliquid', 'Quia impedit numquam illum sed veniam qui dolorum optio. Hic non nesciunt dolores dolor debitis nihil quo. Aspernatur impedit non ex cum. Illo qui repellat ipsum nesciunt sint.', 626, 1, 10, '2020-01-28 20:58:14', '2020-01-28 20:58:14'),
(37, 'aut', 'Quaerat voluptas atque adipisci aspernatur autem consequatur. Cumque et rerum dignissimos est qui. Fugiat eum eveniet cumque quis sit ab neque.', 941, 7, 6, '2020-01-28 20:58:14', '2020-01-28 20:58:14'),
(38, 'velit', 'Explicabo nam autem asperiores sit tenetur. Iure et ad et. Soluta qui in earum aut sapiente. Nisi harum nihil tempore.', 801, 6, 6, '2020-01-28 20:58:14', '2020-01-28 20:58:14'),
(39, 'earum', 'Quas eum aperiam quibusdam magnam laboriosam tenetur velit. Voluptates voluptates nostrum unde quaerat. Dolorem non quo sit numquam. Voluptatem quia accusamus aut modi ratione delectus qui facilis. Aut illum voluptatem explicabo ipsam quaerat libero.', 942, 3, 16, '2020-01-28 20:58:14', '2020-01-28 20:58:14'),
(40, 'deleniti', 'Non a qui et quia necessitatibus. Inventore ut et sapiente qui sit rerum cumque. Dolor nobis aperiam sit dolorem tempora.', 766, 7, 23, '2020-01-28 20:58:14', '2020-01-28 20:58:14'),
(41, 'sint', 'Itaque sint aspernatur nulla modi ut nihil sunt. A consectetur fugit sint occaecati commodi id et. Sed eaque dolorem eum non a. Ut culpa harum distinctio.', 170, 2, 10, '2020-01-28 20:58:14', '2020-01-28 20:58:14'),
(42, 'qui', 'Velit itaque asperiores quibusdam non consequatur aspernatur autem. Doloribus alias omnis commodi aperiam. Rerum aliquid iste quia.', 377, 6, 4, '2020-01-28 20:58:14', '2020-01-28 20:58:14'),
(43, 'omnis', 'Ullam perferendis non sunt omnis. Quibusdam assumenda nostrum debitis et. Dignissimos earum libero quo veniam quaerat amet aliquid. Praesentium facere pariatur occaecati repudiandae commodi ab.', 390, 4, 14, '2020-01-28 20:58:14', '2020-01-28 20:58:14'),
(44, 'quisquam', 'Tempora similique rerum officia dicta alias qui voluptas. Ut illo iusto vero consequuntur. Esse earum ea temporibus in consequatur sit molestias reprehenderit. Voluptas minus vel et atque quam error et.', 899, 7, 2, '2020-01-28 20:58:14', '2020-01-28 20:58:14'),
(45, 'neque', 'Aliquid cum nulla deserunt laudantium voluptatem laborum quia. Voluptatibus explicabo maxime qui aperiam. Molestias sed totam dignissimos iusto. Est itaque optio neque ullam nam.', 613, 4, 24, '2020-01-28 20:58:14', '2020-01-28 20:58:14'),
(46, 'impedit', 'Ipsa dolorem repellendus impedit et quas. Expedita similique autem omnis corporis amet eos. Asperiores quas veniam minima adipisci distinctio veniam.', 855, 0, 13, '2020-01-28 20:58:14', '2020-01-28 20:58:14'),
(47, 'quam', 'Dicta et esse sint rerum quibusdam amet quia dignissimos. Consequuntur voluptatem ad ea eos nulla.', 864, 2, 21, '2020-01-28 20:58:14', '2020-01-28 20:58:14'),
(48, 'ut', 'Soluta consequatur quo architecto voluptates. Culpa eos labore quaerat atque enim. Autem est nisi ad molestias.', 642, 6, 15, '2020-01-28 20:58:14', '2020-01-28 20:58:14'),
(49, 'eligendi', 'Qui et quam omnis consequatur illo nihil harum. Illo est quis facere est ab soluta voluptatibus et. Autem neque quia numquam excepturi eaque molestiae. Aspernatur sapiente ex omnis vel.', 982, 6, 12, '2020-01-28 20:58:14', '2020-01-28 20:58:14'),
(50, 'iste', 'Accusamus magnam culpa omnis excepturi. Nobis et ea est cupiditate facere. Minus aut qui ut quae sint. Nihil possimus laudantium accusamus omnis libero vitae commodi.', 352, 2, 11, '2020-01-28 20:58:14', '2020-01-28 20:58:14');

-- --------------------------------------------------------

--
-- Table structure for table `reviews`
--

CREATE TABLE `reviews` (
  `id` bigint(20) UNSIGNED NOT NULL,
  `product_id` bigint(20) UNSIGNED NOT NULL,
  `customer` varchar(191) COLLATE utf8mb4_unicode_ci NOT NULL,
  `review` text COLLATE utf8mb4_unicode_ci NOT NULL,
  `star` int(11) NOT NULL,
  `created_at` timestamp NULL DEFAULT NULL,
  `updated_at` timestamp NULL DEFAULT NULL
) ENGINE=InnoDB DEFAULT CHARSET=utf8mb4 COLLATE=utf8mb4_unicode_ci;

--
-- Dumping data for table `reviews`
--

INSERT INTO `reviews` (`id`, `product_id`, `customer`, `review`, `star`, `created_at`, `updated_at`) VALUES
(1, 48, 'Dr. Niko Larkin IV', 'Et perferendis perspiciatis ratione provident fugit fugiat. Iure ea atque consectetur illo recusandae. Quis qui ut est voluptatem. Totam deserunt dolorem in dolores.', 1, '2020-01-28 20:58:14', '2020-01-28 20:58:14'),
(2, 34, 'Alan Mills', 'Sint ut repellendus qui suscipit iste repellat. Fugiat dolorem recusandae sequi saepe illo. Architecto placeat fugit velit.', 3, '2020-01-28 20:58:16', '2020-01-28 20:58:16'),
(3, 20, 'Marisa Willms Sr.', 'Est labore natus nobis cupiditate labore sit. Eum veniam quam ad possimus voluptatum et. Nisi rerum aut in quia vel incidunt qui.', 1, '2020-01-28 20:58:16', '2020-01-28 20:58:16'),
(4, 14, 'Kristofer Abbott', 'Autem voluptate harum molestias numquam eum. Et voluptatibus vero ut quibusdam ut ipsa nesciunt. Et recusandae saepe nostrum. Distinctio ipsa laborum accusamus ducimus nisi architecto sint qui.', 0, '2020-01-28 20:58:16', '2020-01-28 20:58:16'),
(5, 33, 'Eleanora Marks', 'Ut blanditiis beatae mollitia. Illum quas laborum id nihil ducimus. Saepe enim enim exercitationem quia. Similique quisquam voluptate cumque debitis.', 0, '2020-01-28 20:58:16', '2020-01-28 20:58:16'),
(6, 4, 'Shawna Rempel', 'Veritatis similique beatae dolor totam est officiis. Ut saepe rem voluptas neque qui aut. Repellat ut adipisci eveniet ducimus. Quia distinctio rerum rem nesciunt et aut sit.', 5, '2020-01-28 20:58:16', '2020-01-28 20:58:16'),
(7, 16, 'Casimer Strosin', 'Id sint repellendus qui voluptatibus rem. Quaerat quis ipsum dolores sit dolorum. Est eveniet facere ipsum occaecati in dolorum eum necessitatibus. Nemo velit eum atque voluptatem laborum harum iste.', 2, '2020-01-28 20:58:16', '2020-01-28 20:58:16'),
(8, 27, 'Jailyn Heidenreich', 'Recusandae est quo ducimus blanditiis dicta. Molestias animi qui illum omnis molestiae. Voluptatibus qui in quae pariatur sunt libero earum officiis. Sed eos qui dolor quibusdam dolorum maxime.', 0, '2020-01-28 20:58:16', '2020-01-28 20:58:16'),
(9, 40, 'Noel Kris I', 'Culpa ab impedit deleniti. Aut asperiores repellat excepturi qui pariatur vero voluptatem. Ipsum est dignissimos dignissimos ut ullam. Natus vel qui eum expedita modi facere.', 5, '2020-01-28 20:58:16', '2020-01-28 20:58:16'),
(10, 1, 'Kira Fadel', 'Nesciunt nostrum voluptate doloribus qui magni eveniet. Accusantium voluptatibus quos dolorum eos velit quam. Aut dolores quas dolores aut molestias ut mollitia. Sit est quis rerum alias occaecati omnis adipisci. Nesciunt laborum ex amet et sit ut.', 4, '2020-01-28 20:58:16', '2020-01-28 20:58:16'),
(11, 34, 'Tracey Lueilwitz', 'Rerum officiis sit ratione perferendis. Eos nulla molestiae ipsum debitis natus minus qui. Voluptatum veniam voluptate reiciendis distinctio veniam fugit corrupti reprehenderit. Corporis molestiae et cumque maxime.', 4, '2020-01-28 20:58:16', '2020-01-28 20:58:16'),
(12, 1, 'Davin Kling', 'Libero est id autem rem sunt. Ut deleniti rerum fugiat. Corporis laborum culpa similique sint. Et et beatae ipsum nulla hic iure laudantium.', 3, '2020-01-28 20:58:16', '2020-01-28 20:58:16'),
(13, 50, 'Rahul Ziemann PhD', 'Aut omnis quisquam incidunt sit voluptatem magni. Culpa et perspiciatis quis ut. Nobis architecto ea reprehenderit autem. Eligendi veniam sed sunt nostrum.', 2, '2020-01-28 20:58:16', '2020-01-28 20:58:16'),
(14, 49, 'Orval Goodwin', 'Quas rem voluptatibus voluptatem voluptatem qui aut enim fugit. Sint laborum laborum voluptatem tenetur alias non a. Enim deleniti reprehenderit ut eos omnis repudiandae. Alias temporibus voluptatibus sit assumenda ex et.', 3, '2020-01-28 20:58:16', '2020-01-28 20:58:16'),
(15, 3, 'Dr. Urban Cormier IV', 'Illum illum et voluptatem itaque rerum. Quaerat architecto expedita velit aut voluptas. Qui aut vitae perferendis.', 4, '2020-01-28 20:58:16', '2020-01-28 20:58:16'),
(16, 41, 'Idella Orn', 'Est unde earum hic est. Ut ea reprehenderit ea et et ut cupiditate.', 1, '2020-01-28 20:58:16', '2020-01-28 20:58:16'),
(17, 48, 'Sammie White Sr.', 'Molestiae iste molestiae quasi quidem fugit. Tempora voluptas voluptatem cupiditate reiciendis. Earum fugiat expedita nihil eos asperiores autem. Voluptatem eius vel odit accusamus.', 5, '2020-01-28 20:58:16', '2020-01-28 20:58:16'),
(18, 3, 'Scarlett Heaney Sr.', 'Velit aut vero necessitatibus est consequuntur sapiente non modi. Possimus neque perferendis ut quos commodi alias sapiente.', 5, '2020-01-28 20:58:16', '2020-01-28 20:58:16'),
(19, 40, 'Zola McCullough', 'Natus voluptates repellendus molestias doloribus dolore odio laudantium. Sapiente sed rerum libero dicta omnis blanditiis libero. Aperiam ea ut facilis quia distinctio occaecati maxime. Et aut in id.', 2, '2020-01-28 20:58:16', '2020-01-28 20:58:16'),
(20, 5, 'Lizzie Grant', 'Asperiores vel minus qui ad. Aut sed veniam ratione recusandae ratione saepe. Excepturi ullam fugit animi amet pariatur sed. Excepturi autem consequatur dignissimos iusto et laborum rerum.', 1, '2020-01-28 20:58:16', '2020-01-28 20:58:16'),
(21, 16, 'Lisette Mills', 'Nihil eos sunt nulla consequuntur mollitia. Quas dolor qui veritatis officiis. Adipisci voluptatem laboriosam magni non.', 4, '2020-01-28 20:58:16', '2020-01-28 20:58:16'),
(22, 23, 'Ila Leffler', 'Iusto accusamus omnis consequatur quis eum adipisci commodi. Minus omnis omnis quo molestiae totam laudantium nulla.', 2, '2020-01-28 20:58:16', '2020-01-28 20:58:16'),
(23, 44, 'Salvatore Medhurst', 'In dolor suscipit amet incidunt. Dolorem id eveniet perspiciatis animi. Quam ut deleniti omnis dolore. Nihil temporibus vel temporibus.', 3, '2020-01-28 20:58:16', '2020-01-28 20:58:16'),
(24, 29, 'Nikko Murazik', 'Sint sequi dolor omnis id eum in. Sint enim consectetur cum cumque dicta nihil quam. Sed hic laborum aspernatur.', 0, '2020-01-28 20:58:16', '2020-01-28 20:58:16'),
(25, 25, 'Kamren Kunze', 'Dolorem quia ducimus distinctio consequatur velit expedita. Asperiores quia voluptatem hic qui fugit optio.', 5, '2020-01-28 20:58:16', '2020-01-28 20:58:16'),
(26, 45, 'Oral Jenkins', 'Ipsam ut aut error qui incidunt et. Accusamus quia voluptatum maxime aspernatur.', 3, '2020-01-28 20:58:16', '2020-01-28 20:58:16'),
(27, 14, 'Korbin Cummerata', 'Dolorem dolorem accusantium voluptatem dignissimos. Nemo hic natus nemo facilis. Est voluptas quis quod pariatur nobis ab.', 0, '2020-01-28 20:58:16', '2020-01-28 20:58:16'),
(28, 48, 'Dr. Izaiah Corkery', 'Nobis reiciendis voluptatum ipsam blanditiis molestiae. Optio recusandae nostrum dolorum est id temporibus. Vel nihil officiis sit vel suscipit quod in.', 4, '2020-01-28 20:58:16', '2020-01-28 20:58:16'),
(29, 44, 'Miss Carlee Haag', 'Ea rerum quam delectus debitis suscipit ut provident aspernatur. Officiis provident inventore placeat odit facilis. Distinctio reiciendis nihil earum mollitia natus velit iure voluptatem.', 0, '2020-01-28 20:58:16', '2020-01-28 20:58:16'),
(30, 27, 'Mr. Darrick Trantow I', 'Ab beatae possimus aut error qui ex. Rerum molestias officia autem provident architecto. Vel doloribus perspiciatis quam a id quod.', 2, '2020-01-28 20:58:16', '2020-01-28 20:58:16'),
(31, 14, 'Rahul Macejkovic', 'Harum sunt dicta et est inventore vel. Dolor ut possimus eveniet consectetur qui iusto quasi. Maxime laborum ducimus iure voluptatem.', 1, '2020-01-28 20:58:16', '2020-01-28 20:58:16'),
(32, 19, 'Orval Shanahan', 'Ut quis velit a in qui. Sed eum aliquam cupiditate ut ipsum est vel. Ducimus eos est ipsa incidunt quibusdam. Optio ad non sapiente voluptatibus consequatur in consequatur. Et blanditiis dolor sint.', 0, '2020-01-28 20:58:16', '2020-01-28 20:58:16'),
(33, 38, 'Clement Hilpert', 'Ut minus at dolore est dicta. Nam ut quaerat voluptatem voluptatibus expedita dolores voluptatem. Iure fuga magnam et enim. Pariatur voluptatem sapiente suscipit ut.', 1, '2020-01-28 20:58:16', '2020-01-28 20:58:16'),
(34, 15, 'Magdalen Mraz', 'Et dolor amet repellat molestias nobis provident. Est amet beatae quia quaerat. Placeat in quibusdam odit quidem accusantium placeat. Sint placeat quos commodi consequatur. Non nesciunt labore commodi cumque qui quia alias.', 5, '2020-01-28 20:58:16', '2020-01-28 20:58:16'),
(35, 8, 'Miss Annamae Braun', 'Vel quas quibusdam quos nesciunt ex consequuntur. Laboriosam earum odio quae esse dolor quia. Sit consequatur iusto culpa est ad necessitatibus assumenda. Minus excepturi assumenda mollitia eum quasi fugit quo.', 5, '2020-01-28 20:58:16', '2020-01-28 20:58:16'),
(36, 18, 'Stanton White', 'Adipisci eos suscipit voluptatem voluptatum. Facilis cupiditate unde reprehenderit possimus. A dolorum debitis id excepturi. Atque impedit rerum nulla est excepturi.', 4, '2020-01-28 20:58:16', '2020-01-28 20:58:16'),
(37, 2, 'Prof. Cecil Roberts PhD', 'Ea qui repudiandae at nisi ex et ea amet. Quia laudantium voluptatibus commodi et deleniti quos. Totam ut corrupti voluptas qui sit. Voluptatibus fugiat aliquam officia voluptas dolores sit debitis.', 5, '2020-01-28 20:58:16', '2020-01-28 20:58:16'),
(38, 27, 'Kacey O\'Keefe', 'Voluptas consequatur cumque eos quia dolor dolores. Voluptate consequuntur ut qui beatae error expedita maiores. Omnis quisquam aut id eum.', 5, '2020-01-28 20:58:16', '2020-01-28 20:58:16'),
(39, 49, 'Dr. Leonardo Lubowitz Sr.', 'Quidem enim quia recusandae molestiae quisquam. Et quasi eos in nam cupiditate praesentium nam.', 5, '2020-01-28 20:58:16', '2020-01-28 20:58:16'),
(40, 21, 'Miss Dannie Bergstrom', 'Quis libero corrupti et ut est quos qui. Ducimus ut rerum nobis explicabo. Architecto modi earum dolorem voluptatem expedita id veniam. Veritatis est corrupti soluta totam eum dolorum.', 3, '2020-01-28 20:58:16', '2020-01-28 20:58:16'),
(41, 31, 'Caleigh Sawayn', 'Atque autem ut maiores molestiae error cumque itaque. Modi quasi quam quasi. Sint hic quas eligendi ut aliquam consequuntur tempora.', 4, '2020-01-28 20:58:16', '2020-01-28 20:58:16'),
(42, 20, 'Melyssa Feest Sr.', 'Et fugiat sunt voluptates. Minima rerum suscipit ratione voluptatem dolorem suscipit. Non eum omnis dolor iure et ut quis.', 1, '2020-01-28 20:58:17', '2020-01-28 20:58:17'),
(43, 32, 'Unique Stokes', 'Magnam ad voluptas minus et cumque reprehenderit recusandae qui. Alias nihil consequatur sapiente veniam quam. Aut exercitationem optio nam dicta velit animi. Quis eaque velit corporis modi cum mollitia autem ut. Facere amet repellat eos vel qui perferendis.', 1, '2020-01-28 20:58:17', '2020-01-28 20:58:17'),
(44, 26, 'Samson Mosciski', 'Et aut consequatur porro enim nesciunt et cupiditate quae. Quam dolorem quod voluptas occaecati dolores voluptatem. Rerum unde ullam consequatur est porro dolorum quam est.', 3, '2020-01-28 20:58:17', '2020-01-28 20:58:17'),
(45, 23, 'Prof. Christy Kihn DVM', 'Quia harum vel corporis nisi voluptatem. Non id eaque aut eum omnis. Perferendis incidunt facilis consequatur tempora et eos.', 0, '2020-01-28 20:58:17', '2020-01-28 20:58:17'),
(46, 36, 'Oliver Bernhard', 'Et corporis nisi reiciendis. Et in dolore alias molestiae occaecati nihil. Totam sed voluptates consequatur fuga. Eius ducimus numquam recusandae.', 3, '2020-01-28 20:58:17', '2020-01-28 20:58:17'),
(47, 38, 'Katelin Stroman', 'Quis nisi quaerat praesentium aut. Nemo qui quasi modi. Ab sed quibusdam velit ut unde dolores. Ad cum tempora ut laborum deleniti nihil et.', 1, '2020-01-28 20:58:17', '2020-01-28 20:58:17'),
(48, 23, 'Dario Hirthe', 'Non aperiam quas non dicta vero in ut. Odio eveniet quos voluptate harum accusantium nostrum eaque. Consequatur odit consequatur porro nihil explicabo velit. Aperiam repellat eum ducimus voluptas ea. Doloribus repellendus libero magnam rem eveniet omnis voluptates.', 5, '2020-01-28 20:58:17', '2020-01-28 20:58:17'),
(49, 40, 'Mozelle Senger', 'Assumenda dolorem reprehenderit aut soluta necessitatibus a nesciunt. Inventore qui deleniti soluta rerum qui dignissimos dolores. Hic nulla repellat at reprehenderit aperiam explicabo. Quis soluta dolorem fugiat quas cupiditate perferendis.', 0, '2020-01-28 20:58:17', '2020-01-28 20:58:17'),
(50, 41, 'Ms. Annalise Funk MD', 'Excepturi et repellat voluptatibus labore. Laudantium velit aut error temporibus sequi quaerat doloribus libero. Aut facilis possimus natus sequi consequatur fuga. Accusamus amet voluptate porro magni animi tempore eos.', 0, '2020-01-28 20:58:17', '2020-01-28 20:58:17'),
(51, 39, 'Toby Abshire', 'Ipsa consequatur omnis voluptas nostrum. Veritatis dolor et autem facilis ratione. Ratione voluptatem culpa soluta assumenda. Maxime voluptatem ab quibusdam quibusdam distinctio blanditiis sed error.', 2, '2020-01-28 20:58:17', '2020-01-28 20:58:17'),
(52, 34, 'Buster Watsica DDS', 'Eveniet reiciendis quae facere ut quos. Quasi illum quibusdam voluptatem quisquam error. Impedit quibusdam dolor ut nulla impedit nihil. Cumque ut quidem dolorum corrupti repellendus omnis.', 4, '2020-01-28 20:58:17', '2020-01-28 20:58:17'),
(53, 27, 'Harmony Cartwright', 'Necessitatibus hic et nemo est quasi et voluptatem et. Distinctio voluptates necessitatibus illum voluptatibus nostrum quia. Consectetur sunt laborum dolores mollitia.', 3, '2020-01-28 20:58:17', '2020-01-28 20:58:17'),
(54, 23, 'Marcia Davis', 'Doloribus necessitatibus vel est. Quasi veritatis qui ducimus blanditiis est unde voluptatem. Rerum exercitationem repudiandae voluptas labore illum quidem quia. Amet vero nihil et repellat earum similique deserunt a.', 1, '2020-01-28 20:58:17', '2020-01-28 20:58:17'),
(55, 2, 'Idella Hansen', 'Maiores laudantium dolor facere dolorem ab est occaecati. Libero amet quia non assumenda nobis animi. Quaerat est sunt adipisci perspiciatis odio. Nobis odit cumque doloremque quaerat voluptatem ipsam.', 0, '2020-01-28 20:58:17', '2020-01-28 20:58:17'),
(56, 47, 'Rylee Leannon', 'Debitis quod rerum adipisci. Consequatur quia iure voluptatum quam suscipit. Amet dolorem doloribus omnis sed cum. Qui voluptatem cupiditate atque explicabo voluptatibus.', 5, '2020-01-28 20:58:17', '2020-01-28 20:58:17'),
(57, 18, 'Edythe McDermott', 'Optio aut esse consequatur autem laborum. Dolorum quaerat maxime non praesentium dolor nulla. Rerum necessitatibus consequatur esse laudantium quis. Omnis laudantium libero excepturi.', 1, '2020-01-28 20:58:17', '2020-01-28 20:58:17'),
(58, 9, 'Mattie Dare', 'Error aut et qui. Molestiae non sit veniam impedit quam. Dolores impedit velit soluta enim quia quia veniam.', 4, '2020-01-28 20:58:17', '2020-01-28 20:58:17'),
(59, 25, 'Sasha Hahn', 'Et soluta libero quibusdam harum. Cumque facere qui cum officiis vero. Rerum sequi non et accusamus et ullam architecto.', 3, '2020-01-28 20:58:17', '2020-01-28 20:58:17'),
(60, 44, 'Rhett Boehm', 'Ipsum praesentium dolorem deleniti suscipit. Quo dolorem voluptates unde est tempora. Sit numquam autem repudiandae nostrum perspiciatis nulla. Dolor voluptas quia sint qui.', 4, '2020-01-28 20:58:17', '2020-01-28 20:58:17'),
(61, 26, 'Prof. Moises Boehm', 'Eveniet quas cum quae quia nostrum aut. Rem sint odio sequi et quo. Autem ipsum deserunt eveniet aut sed est aut.', 2, '2020-01-28 20:58:17', '2020-01-28 20:58:17'),
(62, 26, 'Ms. Delfina Ullrich DVM', 'Sit voluptatibus fuga aliquam. Enim omnis omnis consectetur deserunt. Est exercitationem et voluptate excepturi est. Voluptatem assumenda tenetur debitis ut ut sit.', 2, '2020-01-28 20:58:17', '2020-01-28 20:58:17'),
(63, 24, 'Freida Veum', 'Beatae harum ut qui quae laudantium. Quo repellat inventore voluptas ipsam et sit. Et impedit exercitationem unde magnam qui est aliquam vel. Est aperiam illo voluptate quod.', 1, '2020-01-28 20:58:17', '2020-01-28 20:58:17'),
(64, 35, 'Jude Kunde', 'Et cupiditate commodi nisi consequatur deserunt sapiente consequatur. Est et delectus omnis repudiandae et. Et non qui animi. Consectetur vero vitae quis.', 4, '2020-01-28 20:58:17', '2020-01-28 20:58:17'),
(65, 22, 'Hayden Maggio', 'Voluptatem ipsum debitis qui voluptates et ut dolorem. Hic earum a similique quidem reprehenderit est quia molestiae. Nostrum fugiat iusto praesentium aliquam quasi qui voluptatum. Velit dolor qui minus et reiciendis et.', 2, '2020-01-28 20:58:17', '2020-01-28 20:58:17'),
(66, 36, 'Earline Champlin', 'Nostrum expedita consectetur corporis non labore qui. Dolorum dolorem unde sed voluptates. Officia provident iusto assumenda dolores recusandae vero suscipit.', 5, '2020-01-28 20:58:17', '2020-01-28 20:58:17'),
(67, 26, 'Pedro Waelchi IV', 'Id voluptatibus consequatur fuga consequatur enim vel. Rerum id similique quo id dolores nihil. Repellat voluptas necessitatibus culpa et laudantium occaecati iure.', 4, '2020-01-28 20:58:17', '2020-01-28 20:58:17'),
(68, 33, 'Alvena Bashirian', 'Quasi beatae rerum et ipsum incidunt nam. Maiores beatae a dolore itaque. Molestiae deserunt sapiente ratione corporis quos esse libero. Iste numquam voluptas molestias totam.', 2, '2020-01-28 20:58:17', '2020-01-28 20:58:17'),
(69, 18, 'Wilburn McClure', 'Voluptatibus id consequuntur porro eaque dolor. Voluptatem qui iure ea rerum. Laudantium vero aut est sint labore et. Id debitis omnis rerum doloribus quia molestiae sed. Ducimus expedita sed ex maiores error voluptas.', 4, '2020-01-28 20:58:17', '2020-01-28 20:58:17'),
(70, 11, 'Laurie Denesik', 'Voluptates qui atque tenetur est eos sed. Esse modi iure optio sint consequuntur deleniti aperiam. Maiores laborum minus ab expedita vel ipsa iure sint. Possimus iste explicabo voluptatem.', 1, '2020-01-28 20:58:17', '2020-01-28 20:58:17'),
(71, 23, 'Solon Haag', 'Aut architecto non deserunt totam cupiditate esse voluptas. Autem est sint cupiditate hic nisi quia ut. Quia facere tenetur adipisci recusandae qui.', 5, '2020-01-28 20:58:17', '2020-01-28 20:58:17'),
(72, 50, 'Amos Kozey I', 'Eos et natus sit veniam voluptas. Placeat voluptatem illo saepe fugiat et. Sed et aut reprehenderit.', 1, '2020-01-28 20:58:17', '2020-01-28 20:58:17'),
(73, 16, 'America Jenkins', 'Soluta tempore velit voluptates enim. Nemo quis quia repellat nulla eveniet. Libero sit molestias libero ea. Nulla eum nisi sint sunt facilis expedita.', 5, '2020-01-28 20:58:17', '2020-01-28 20:58:17'),
(74, 1, 'Ethyl Glover', 'Architecto dolor accusantium itaque laudantium. Est id voluptas hic sit ut.', 2, '2020-01-28 20:58:17', '2020-01-28 20:58:17'),
(75, 8, 'Cristal Mosciski', 'Assumenda rem vitae veritatis. Nulla saepe reprehenderit animi laudantium ducimus eius. Quia officiis quaerat quisquam minus totam ut repellat. Doloremque fuga vel quaerat a soluta.', 5, '2020-01-28 20:58:17', '2020-01-28 20:58:17'),
(76, 30, 'Breanna Rogahn', 'Esse dolore et ullam nobis non rerum consequatur. Nulla expedita iste itaque aut officiis. Aut accusantium vitae odit ab magnam. Sint velit occaecati blanditiis et consequatur illum et.', 0, '2020-01-28 20:58:17', '2020-01-28 20:58:17'),
(77, 22, 'Willow Kozey', 'Illo molestiae nam qui rerum qui. Atque praesentium animi sapiente dolorum a consequatur deserunt. Et ipsum minus sit nostrum est et. Assumenda itaque illum est molestiae debitis. Velit deserunt id id voluptas dolorem aut vel.', 5, '2020-01-28 20:58:17', '2020-01-28 20:58:17'),
(78, 20, 'Alan O\'Conner', 'Molestiae aspernatur totam enim fugit reiciendis ipsa ipsum libero. Rem aliquid itaque debitis porro. Dolor quaerat minima rerum possimus. Velit rerum perspiciatis consequatur officiis in autem.', 4, '2020-01-28 20:58:17', '2020-01-28 20:58:17'),
(79, 13, 'Bobbie Kiehn', 'Et facilis odit maiores similique delectus at ipsam ipsa. Optio deserunt perferendis dolor sed id dolor. Consectetur impedit quisquam in laborum qui.', 5, '2020-01-28 20:58:17', '2020-01-28 20:58:17'),
(80, 35, 'Piper Thompson', 'Architecto enim impedit saepe dolores non. Dolorem tenetur eum et ipsa unde ad repellendus provident. Ex id corrupti ut error expedita.', 4, '2020-01-28 20:58:17', '2020-01-28 20:58:17'),
(81, 35, 'Mrs. Susana Mante', 'Ex sit neque libero voluptatibus adipisci. Sint veritatis necessitatibus nam fuga sapiente sunt doloribus. Nobis ipsa asperiores doloremque eaque minima quis modi.', 5, '2020-01-28 20:58:17', '2020-01-28 20:58:17'),
(82, 16, 'Edyth Turner', 'Commodi recusandae iure voluptatem expedita expedita enim dolor debitis. Ex non itaque rerum odit dolor. Aut saepe quasi vel corporis. Et suscipit blanditiis quo dolore quod id inventore.', 0, '2020-01-28 20:58:17', '2020-01-28 20:58:17'),
(83, 9, 'Zachary Will', 'Voluptatem accusantium et voluptatem aut eos et. Perspiciatis eveniet ipsam perspiciatis ullam sint corrupti. Autem id explicabo in tempore ea. Aliquam consequuntur similique velit quisquam provident.', 1, '2020-01-28 20:58:17', '2020-01-28 20:58:17'),
(84, 40, 'Vita Torphy', 'Accusantium et harum asperiores dignissimos suscipit fuga suscipit. A eius rerum aut voluptatum et. Aut ducimus ullam sed. Et repellat beatae dolor dolor fugit. Autem eligendi voluptatem accusamus similique ducimus.', 2, '2020-01-28 20:58:17', '2020-01-28 20:58:17'),
(85, 22, 'Lemuel Steuber', 'Enim nisi quidem facere minima veniam. Perferendis consequatur mollitia enim incidunt qui omnis. Unde quis aliquid consequatur non esse.', 5, '2020-01-28 20:58:17', '2020-01-28 20:58:17'),
(86, 19, 'Abelardo Pfannerstill', 'Maiores eos perspiciatis praesentium ipsa cum ut. Sint eius quae culpa eum similique pariatur dignissimos.', 4, '2020-01-28 20:58:17', '2020-01-28 20:58:17'),
(87, 12, 'Alva Hyatt IV', 'Explicabo itaque aliquam sapiente ipsam aliquid dolore magni. Culpa eos fuga repudiandae. Nesciunt aut repellat commodi voluptas hic et aut. Quisquam velit illo aut ad quidem dolorum.', 3, '2020-01-28 20:58:17', '2020-01-28 20:58:17'),
(88, 7, 'Modesto Abbott', 'Non aut repellendus et ipsam. Repellat aliquam dolores sit vitae in vel. Aut et eum aut facilis sed minus. Ut corporis autem dignissimos eos aliquid omnis.', 0, '2020-01-28 20:58:17', '2020-01-28 20:58:17'),
(89, 4, 'Alyson Herman I', 'Nobis est sit sit quaerat nulla ut ipsam. Voluptas in tempora asperiores voluptatem et. Ullam ut cum voluptatem itaque.', 4, '2020-01-28 20:58:17', '2020-01-28 20:58:17'),
(90, 20, 'Ms. Shanna Zemlak Sr.', 'Voluptatem quisquam amet recusandae magnam nemo. Maiores minima ea dolorum molestiae illo ut totam. Enim et autem sint. Veniam in et ea magnam commodi occaecati magnam animi.', 4, '2020-01-28 20:58:17', '2020-01-28 20:58:17'),
(91, 8, 'Carmella Rempel', 'Tempore velit ea inventore eum ea odio molestias. Ea est aut officia ea. Incidunt culpa dolorum est vitae reprehenderit.', 3, '2020-01-28 20:58:17', '2020-01-28 20:58:17'),
(92, 12, 'Melvin Veum', 'Cumque sit provident est minus dolor. Perspiciatis voluptas mollitia fugiat fugiat. Velit eos est sit voluptates. Cum in quis enim error perferendis.', 5, '2020-01-28 20:58:17', '2020-01-28 20:58:17'),
(93, 29, 'Brooke Harber', 'Eaque nihil repudiandae totam necessitatibus et voluptatem omnis similique. Dolor laudantium recusandae quisquam quaerat harum numquam quidem atque. Nihil placeat assumenda molestiae consequatur.', 4, '2020-01-28 20:58:17', '2020-01-28 20:58:17'),
(94, 13, 'Marielle Bechtelar', 'Quia natus sed dolorum ut tempora repellat quo et. Natus facilis earum temporibus qui aut laudantium adipisci. Eveniet ducimus nihil amet libero. Vel a minima nulla corporis totam illum cupiditate.', 3, '2020-01-28 20:58:17', '2020-01-28 20:58:17'),
(95, 7, 'Maci Johns', 'Itaque qui in in aut rem est. Corporis explicabo distinctio sunt tempora. Reiciendis quae ipsum molestias voluptatem quas qui. Ipsum labore architecto in recusandae a eaque est voluptatum. Qui enim harum consequatur praesentium architecto neque.', 1, '2020-01-28 20:58:17', '2020-01-28 20:58:17'),
(96, 46, 'Miss Janice Fay Jr.', 'Expedita libero ipsam commodi fugit fuga distinctio. Beatae consectetur ut enim distinctio quia. Illo et qui est deleniti error accusantium.', 2, '2020-01-28 20:58:17', '2020-01-28 20:58:17'),
(97, 47, 'Dr. Lesley Halvorson', 'Eos sit laborum et dolorum id. Dolorum corrupti autem error et quisquam aspernatur quo. Dicta quam eos ab maiores dolore accusamus. Quod vel cum laudantium vel odit.', 1, '2020-01-28 20:58:17', '2020-01-28 20:58:17'),
(98, 23, 'Jensen Grady PhD', 'Qui accusamus quia omnis aut est nemo. Ut expedita ab expedita. Adipisci nam aspernatur vel et atque. Dolor molestias officia quo quos asperiores quia.', 4, '2020-01-28 20:58:17', '2020-01-28 20:58:17'),
(99, 21, 'Javier Funk Sr.', 'Commodi quia sit et temporibus mollitia rerum reiciendis. Sapiente qui corporis est. Beatae voluptate architecto modi rem deserunt. Perferendis eligendi vel nemo harum.', 0, '2020-01-28 20:58:17', '2020-01-28 20:58:17'),
(100, 28, 'Dr. Jameson Christiansen Jr.', 'Ex unde fugiat voluptatibus temporibus officia corporis soluta. Sequi fuga mollitia numquam est et perspiciatis vel ducimus. Voluptatem sequi quia perferendis assumenda consequatur. Aspernatur sit enim et eum id ullam modi. Nam sint et iste enim eaque laudantium.', 3, '2020-01-28 20:58:17', '2020-01-28 20:58:17'),
(101, 17, 'Miss Irma Bruen III', 'Excepturi quo vero saepe qui est. Eos sit maiores est at et magni. Ut quia repellat et repellendus nobis eum.', 4, '2020-01-28 20:58:17', '2020-01-28 20:58:17'),
(102, 28, 'Humberto Dickens', 'Voluptatem sunt et dolorem deserunt et. Qui repudiandae iste fuga sit voluptas repellendus excepturi minima. Culpa non voluptas sapiente. Repellat ut ratione libero illum non amet.', 3, '2020-01-28 20:58:17', '2020-01-28 20:58:17'),
(103, 49, 'Mr. Lonzo Halvorson', 'Provident libero magni fuga velit est. Omnis quia alias et illum.', 0, '2020-01-28 20:58:17', '2020-01-28 20:58:17'),
(104, 42, 'Celestino Orn', 'Voluptas et eveniet facere laborum. Dolorem quia pariatur culpa sint velit tempora. Voluptatem et aliquid officia ipsam minima qui.', 0, '2020-01-28 20:58:17', '2020-01-28 20:58:17'),
(105, 24, 'Odessa Hane', 'Repellendus exercitationem vero autem assumenda. Deleniti illum sequi vel id vitae magnam exercitationem. Quia delectus velit accusamus. Qui molestiae illum pariatur debitis impedit magni.', 4, '2020-01-28 20:58:17', '2020-01-28 20:58:17'),
(106, 11, 'Verna Bayer', 'Ex et unde deserunt nemo architecto. Quis in nihil voluptatem. Modi accusantium velit ipsa sit asperiores explicabo vel. Dolorum eos qui a et cum natus.', 3, '2020-01-28 20:58:17', '2020-01-28 20:58:17'),
(107, 21, 'Arnulfo Mraz', 'Qui rerum eos voluptas necessitatibus. Quas aut et ipsa consequatur assumenda quod eos commodi. Neque minima quaerat eius molestiae omnis. Corporis aut corporis eos in fugit nemo doloribus. Consequuntur quis delectus quis reprehenderit cupiditate et temporibus.', 2, '2020-01-28 20:58:17', '2020-01-28 20:58:17'),
(108, 1, 'Prof. Melany Powlowski', 'Ea tenetur placeat voluptatem saepe. Odio autem voluptas sed. Libero ea dolore voluptates doloremque eius. Dolores quos minima quo reprehenderit debitis.', 2, '2020-01-28 20:58:17', '2020-01-28 20:58:17'),
(109, 4, 'Breanne Hahn PhD', 'Repellendus commodi placeat autem eum. Dolor velit commodi dolores cupiditate ipsum. Ut aperiam doloremque quisquam odio enim quisquam. Et et voluptas quia praesentium aspernatur vero exercitationem dolorem.', 5, '2020-01-28 20:58:17', '2020-01-28 20:58:17'),
(110, 38, 'Dr. Sarai Ebert Jr.', 'Quia a veritatis architecto inventore consequuntur consequatur dolorum. Sed repellendus aut tempore tenetur et. Vitae est qui architecto ut quia numquam hic. Rem ipsa quia rem sint. Voluptatem ut nostrum velit expedita est recusandae.', 4, '2020-01-28 20:58:17', '2020-01-28 20:58:17'),
(111, 45, 'Ms. Trycia Champlin', 'Impedit veniam quia facere fugiat voluptatem impedit. Ipsam et at aperiam at natus voluptas maxime. Occaecati vel et sit at. Nemo quis nihil eum cum iste reprehenderit consequatur. Dolore numquam corporis fuga qui vel ullam.', 0, '2020-01-28 20:58:17', '2020-01-28 20:58:17'),
(112, 13, 'Dr. Nicolette Walsh', 'Corporis est qui vel est. Est voluptatum neque asperiores voluptates. Officia vitae rerum accusantium veritatis. Libero omnis aut rem beatae non. Debitis deserunt optio eos numquam numquam praesentium dolores.', 3, '2020-01-28 20:58:17', '2020-01-28 20:58:17'),
(113, 27, 'Prof. Marty Denesik PhD', 'Numquam cupiditate nesciunt vel est unde. Aut repellendus id eum nobis impedit voluptatem ab. Laborum quia molestias laboriosam sunt.', 0, '2020-01-28 20:58:17', '2020-01-28 20:58:17'),
(114, 39, 'Marie Hudson', 'Rerum delectus cumque nemo repellat odit atque corrupti. Et at animi accusantium dolores non. Unde quasi perspiciatis quaerat. Laudantium quisquam fugiat repellendus facere consequatur laudantium.', 0, '2020-01-28 20:58:17', '2020-01-28 20:58:17'),
(115, 36, 'Megane Hane', 'Tenetur magni eaque dolor aliquam in libero. Incidunt consequatur accusamus ut et sint perferendis quod. Aut et est assumenda amet.', 1, '2020-01-28 20:58:17', '2020-01-28 20:58:17'),
(116, 2, 'Jacey Collins', 'Esse et sed occaecati veritatis pariatur voluptatibus eveniet. Eligendi illo non consectetur quaerat voluptas similique ullam. At consequatur nobis quia quaerat dolorem.', 5, '2020-01-28 20:58:17', '2020-01-28 20:58:17'),
(117, 44, 'Quinton Schulist', 'Officiis hic explicabo quia itaque. Neque illum est sequi cupiditate alias eius. Dignissimos rem expedita voluptatem minima aut nisi repudiandae placeat. Sed quod quos cum commodi vero.', 4, '2020-01-28 20:58:17', '2020-01-28 20:58:17'),
(118, 29, 'Lenora Klein', 'Ut aliquid similique distinctio id enim. Quis voluptatibus vitae iste voluptatem. Et quis deleniti asperiores. Odio ipsa inventore qui.', 1, '2020-01-28 20:58:17', '2020-01-28 20:58:17'),
(119, 14, 'Nolan Marquardt', 'Et ut ex sequi neque quidem facere. Eos dolorem dolorem ut incidunt quas suscipit. Sed incidunt saepe id iste voluptatibus omnis et. Harum autem ea eos est nemo.', 3, '2020-01-28 20:58:17', '2020-01-28 20:58:17'),
(120, 16, 'Jordane Kemmer', 'Est ex sit nisi dicta quos. Cumque laudantium sint omnis ab consequatur. Autem inventore exercitationem magni nemo eos.', 5, '2020-01-28 20:58:17', '2020-01-28 20:58:17'),
(121, 14, 'Vivien Hand', 'Ut rem neque similique. Quidem mollitia quisquam provident. Unde eligendi aut est aliquid laborum.', 4, '2020-01-28 20:58:17', '2020-01-28 20:58:17'),
(122, 19, 'Jacinthe Rath', 'Dolor asperiores rerum nam sunt rem impedit. Consequatur commodi recusandae libero amet aperiam dolorum eligendi. Ipsa voluptates harum dicta at.', 1, '2020-01-28 20:58:17', '2020-01-28 20:58:17'),
(123, 37, 'Helene Denesik', 'Dolorem rerum eos et illo id amet. Nam temporibus suscipit ea sint deleniti. Dolorem quas sapiente sit.', 2, '2020-01-28 20:58:17', '2020-01-28 20:58:17'),
(124, 20, 'Margret Stoltenberg Jr.', 'Placeat eaque consequatur laboriosam molestiae nobis ipsam. Impedit veritatis qui nostrum qui. Exercitationem enim recusandae eius nostrum ipsam cumque ut.', 1, '2020-01-28 20:58:17', '2020-01-28 20:58:17'),
(125, 29, 'Guido Ernser II', 'Libero velit aut rerum excepturi. Accusamus dicta aut quo esse nisi reprehenderit. Adipisci beatae vel suscipit omnis. Quibusdam sed sapiente iusto delectus repudiandae molestias aut.', 5, '2020-01-28 20:58:17', '2020-01-28 20:58:17'),
(126, 25, 'Theo Corwin', 'Fuga aspernatur possimus similique fuga sit. Velit illo omnis reiciendis illo ut. Officia alias cum ea modi commodi pariatur itaque temporibus. Molestias voluptas commodi fugiat dolore et.', 3, '2020-01-28 20:58:17', '2020-01-28 20:58:17'),
(127, 20, 'Mr. Talon Wuckert', 'In minus similique porro sint. Aspernatur consequatur temporibus excepturi aliquid laudantium accusantium. Expedita illum neque voluptas. Ea facere delectus sint consequatur dolores.', 5, '2020-01-28 20:58:17', '2020-01-28 20:58:17'),
(128, 27, 'Ms. Francesca Schimmel DDS', 'Est aut nulla repudiandae esse repellendus qui exercitationem. Nobis sed cupiditate facere numquam nisi. Sit consequuntur corporis omnis dolor harum nisi.', 5, '2020-01-28 20:58:17', '2020-01-28 20:58:17'),
(129, 10, 'Ariel Smitham', 'Et cum molestiae aliquam est sit molestiae omnis. Vitae est assumenda omnis nobis accusantium et. At qui asperiores est eligendi voluptas autem. Rerum iure quaerat quaerat ut voluptatem doloremque velit. Suscipit officiis quia minima doloribus.', 4, '2020-01-28 20:58:17', '2020-01-28 20:58:17'),
(130, 5, 'Gerson Feest', 'Excepturi inventore pariatur aliquam veniam et ut. Molestiae consectetur qui veniam nulla. Inventore similique et magnam et omnis fuga.', 5, '2020-01-28 20:58:17', '2020-01-28 20:58:17'),
(131, 35, 'Garret Dibbert II', 'Autem dolor at rerum non voluptatibus esse iure. Quis assumenda commodi qui incidunt voluptatibus quam qui. Sit soluta quas rerum dicta quos placeat corporis. Repellat voluptatem consequatur minus eos necessitatibus illo veniam.', 1, '2020-01-28 20:58:17', '2020-01-28 20:58:17'),
(132, 8, 'Prof. Chaz Jaskolski PhD', 'Recusandae est nobis in reiciendis dolores et ut libero. Dolores repudiandae illum eum non nam. Qui sint facere quis eveniet nisi ut. Autem magnam modi odit consectetur eaque quisquam.', 0, '2020-01-28 20:58:17', '2020-01-28 20:58:17'),
(133, 31, 'Dallin Deckow', 'Itaque sequi dolor quod blanditiis. Repellat magnam ad aut autem aut pariatur. Nulla distinctio suscipit non sit sit id culpa. Vero molestiae qui alias ea explicabo voluptas amet.', 4, '2020-01-28 20:58:17', '2020-01-28 20:58:17'),
(134, 18, 'Dr. Alycia Cummings', 'Temporibus aut deserunt et excepturi sed. Fugit voluptas beatae quidem qui accusamus. Beatae aspernatur animi et magni quis voluptatem quam. Rem laboriosam delectus cupiditate et aliquid. Et fuga voluptas quibusdam omnis nihil veniam praesentium.', 4, '2020-01-28 20:58:17', '2020-01-28 20:58:17'),
(135, 12, 'Alexandrea Bins', 'Adipisci consectetur recusandae quo est dolores. Quisquam commodi voluptates odit pariatur. Atque commodi maiores excepturi reprehenderit.', 3, '2020-01-28 20:58:17', '2020-01-28 20:58:17'),
(136, 33, 'Mayra Jacobi', 'Quae voluptas facilis vel nisi suscipit ad nobis quia. Nam pariatur et non consequuntur. Aliquid corporis odit blanditiis et perspiciatis sint.', 0, '2020-01-28 20:58:17', '2020-01-28 20:58:17'),
(137, 8, 'Miss Dorothy Doyle III', 'Quo accusamus dolore tenetur quam esse nihil. Sit modi voluptas eaque est. Omnis aut modi hic quia libero. Sit et rerum eligendi nulla quis.', 4, '2020-01-28 20:58:17', '2020-01-28 20:58:17'),
(138, 8, 'Jayde Schmidt', 'Iure odit incidunt temporibus tempore. Quis omnis sit voluptas qui quia repellat magni id. Temporibus quia totam vel.', 4, '2020-01-28 20:58:17', '2020-01-28 20:58:17'),
(139, 15, 'Retha Kunze', 'Voluptatibus nihil sint mollitia. Tempore modi aut sit et. Voluptatem sunt eveniet soluta debitis laboriosam iusto hic. Ea veritatis amet inventore ad quasi facilis.', 4, '2020-01-28 20:58:17', '2020-01-28 20:58:17'),
(140, 26, 'Jeremy Hahn DDS', 'Nulla nihil nihil sit. Qui minus incidunt soluta aliquam odio rerum. Corrupti sed voluptatem vel ut est eos.', 2, '2020-01-28 20:58:17', '2020-01-28 20:58:17'),
(141, 22, 'Dedric Barrows', 'Corporis sunt quibusdam corporis consequatur. Soluta enim rem neque corporis dicta. Et corrupti aut pariatur suscipit itaque.', 4, '2020-01-28 20:58:17', '2020-01-28 20:58:17'),
(142, 13, 'Jeramy Barrows', 'Et est minima nisi rerum sunt ut et. Cupiditate quia aliquid ratione. Quasi quibusdam accusamus vel eos repudiandae facere. Amet ut voluptatibus commodi.', 5, '2020-01-28 20:58:17', '2020-01-28 20:58:17'),
(143, 11, 'Dr. Arlo Kuphal V', 'A molestiae nulla quae soluta quis est unde. Et laudantium eos vitae minus. Consequuntur magnam ratione corporis sunt. Sit fuga placeat ullam provident odit sit minima.', 3, '2020-01-28 20:58:17', '2020-01-28 20:58:17'),
(144, 19, 'Baron Stiedemann PhD', 'Vitae in ullam amet nisi dolore ut deserunt iure. Dolor impedit dolorem ducimus vel nobis ea inventore. In quos et vel alias suscipit id labore. Natus excepturi asperiores magni id ipsam. In consequuntur rerum veritatis iste enim accusamus eos.', 5, '2020-01-28 20:58:17', '2020-01-28 20:58:17'),
(145, 29, 'Keshaun Beier', 'Perspiciatis magnam optio vero occaecati velit molestias. Possimus fugiat adipisci odio velit consequatur nobis aliquam. Quia sed ducimus iste non doloribus.', 4, '2020-01-28 20:58:17', '2020-01-28 20:58:17'),
(146, 45, 'Lenore Hintz', 'Debitis voluptatum quaerat dicta veniam labore et labore. Molestiae unde laudantium fugiat quos. Est laborum reprehenderit minus autem ducimus.', 5, '2020-01-28 20:58:17', '2020-01-28 20:58:17'),
(147, 26, 'Delfina Hackett', 'Non illum quos autem cum quasi ut sed. Sapiente sit perferendis porro sint. Aliquam ut omnis saepe laboriosam nobis mollitia asperiores. Est est laudantium eius voluptatem atque et.', 2, '2020-01-28 20:58:17', '2020-01-28 20:58:17'),
(148, 28, 'Mrs. Polly O\'Hara I', 'Est ut harum nulla porro veritatis odio dolorem. Praesentium aliquam voluptatem ad aut. Natus omnis consequatur vel amet expedita id eius cumque.', 2, '2020-01-28 20:58:17', '2020-01-28 20:58:17'),
(149, 23, 'Dr. Albina Mueller MD', 'Aut perferendis harum nihil eum. Eius nesciunt et consectetur. Vitae id occaecati quas ea fugit minima.', 2, '2020-01-28 20:58:17', '2020-01-28 20:58:17'),
(150, 29, 'Ms. Allene Rodriguez', 'Ducimus et repudiandae magni corporis aut in. Quia sit modi eum dicta. Laboriosam nam labore sed nobis nesciunt.', 3, '2020-01-28 20:58:17', '2020-01-28 20:58:17'),
(151, 20, 'Dolly Jacobson', 'Officiis dolor blanditiis at enim. Aut exercitationem quisquam officiis aperiam. Sint a et magni eum corrupti. Consectetur mollitia minus quidem iusto sed et nesciunt quidem. Dolor sequi repudiandae eius accusamus.', 1, '2020-01-28 20:58:17', '2020-01-28 20:58:17'),
(152, 10, 'Lulu Watsica', 'A maiores aliquid nemo eaque consequatur. Velit quidem architecto vitae facilis eius deleniti. Qui magnam labore consequatur itaque adipisci atque qui.', 2, '2020-01-28 20:58:17', '2020-01-28 20:58:17'),
(153, 38, 'Casandra Mueller', 'Maxime et et ex a quidem. Qui ea praesentium iste id error tempora. Ullam sed cum voluptates tempora neque et. Provident voluptatem mollitia et temporibus harum quibusdam.', 1, '2020-01-28 20:58:17', '2020-01-28 20:58:17'),
(154, 1, 'Mrs. Natasha Powlowski', 'Mollitia autem animi enim accusantium placeat sit. Est non voluptatem animi aut. Eum quae dignissimos aut vitae facere tempora sunt nihil.', 3, '2020-01-28 20:58:17', '2020-01-28 20:58:17'),
(155, 27, 'Prof. Willard McCullough', 'Voluptas sunt adipisci ratione sed numquam et reprehenderit. Saepe sequi aut dicta iure ab ut et. Qui non tenetur praesentium placeat labore consequatur deserunt. Quia eveniet vel voluptatum maxime necessitatibus iste.', 0, '2020-01-28 20:58:17', '2020-01-28 20:58:17'),
(156, 17, 'Wilburn Braun', 'Itaque hic aperiam magni. Impedit magni sed quaerat aut dignissimos labore. Numquam a nulla explicabo quidem distinctio earum doloremque.', 2, '2020-01-28 20:58:17', '2020-01-28 20:58:17'),
(157, 29, 'Hillary Gulgowski', 'Quaerat dolores et ea sint. Laborum debitis dolores tenetur voluptates dolorem. Omnis eligendi voluptate laboriosam eum voluptatibus illum earum.', 4, '2020-01-28 20:58:17', '2020-01-28 20:58:17'),
(158, 46, 'Cleora O\'Connell', 'Illo aut deleniti voluptatem. Vel et necessitatibus natus rerum rerum facere in omnis. Dolorem provident aperiam odit qui temporibus.', 3, '2020-01-28 20:58:17', '2020-01-28 20:58:17'),
(159, 12, 'Efrain Mosciski', 'Cumque eius eius est perferendis qui. Aut aut deserunt et voluptatem est aut magnam sit. Molestiae dolorum et hic rerum.', 4, '2020-01-28 20:58:17', '2020-01-28 20:58:17'),
(160, 43, 'Prof. Coleman Romaguera', 'Magni unde nam ipsam excepturi atque nemo. Voluptas neque blanditiis illum eos optio. Laboriosam ut qui officiis et saepe.', 0, '2020-01-28 20:58:17', '2020-01-28 20:58:17'),
(161, 12, 'Coralie Haag', 'Et ut aut ut nobis asperiores. Excepturi eaque rerum sint in doloribus culpa at. Nihil sint minus quae et. Natus quia natus et vel et.', 4, '2020-01-28 20:58:17', '2020-01-28 20:58:17'),
(162, 43, 'Cleora Grant', 'Voluptatem optio nobis nesciunt illum. Hic et tenetur sit et. Sit quae consequatur modi totam dolorum.', 2, '2020-01-28 20:58:17', '2020-01-28 20:58:17'),
(163, 35, 'Kaleb VonRueden', 'Ea beatae dolorem accusamus ab culpa. Unde aut repudiandae inventore est perspiciatis ea molestiae. Ut omnis sint minima velit eveniet. Earum sequi tenetur et dolore.', 3, '2020-01-28 20:58:17', '2020-01-28 20:58:17'),
(164, 48, 'Albina Marquardt', 'Ipsum ut corporis quis fugiat dolore ut. Nihil iste aut odio non soluta doloribus. Nostrum cum dolores rerum sint enim assumenda tempore.', 0, '2020-01-28 20:58:17', '2020-01-28 20:58:17'),
(165, 23, 'Sim Hickle', 'In rerum quidem ipsam rerum et quia. Amet ducimus et qui sed voluptates laboriosam modi. Error doloremque cupiditate dolorem quis amet rerum.', 0, '2020-01-28 20:58:17', '2020-01-28 20:58:17'),
(166, 46, 'Davin Terry V', 'Sed reiciendis maxime quo. Dolorum molestias hic sit quaerat non corporis consectetur. Est inventore et ut totam repellat eos iste excepturi. Assumenda nemo ut quia totam sequi.', 1, '2020-01-28 20:58:17', '2020-01-28 20:58:17'),
(167, 12, 'Clare Miller', 'Voluptas maxime velit dicta eius ex. Magnam aspernatur neque officia. Aperiam omnis quisquam qui rerum aut rem architecto.', 3, '2020-01-28 20:58:17', '2020-01-28 20:58:17'),
(168, 43, 'Isom Runolfsdottir', 'Dolore quod aliquam rem est. Dolorem voluptate hic quas vero repellendus quia. Nemo quo sint aut. Voluptatem expedita sapiente eum consequatur ratione eos cumque. Ipsam porro porro aut inventore harum praesentium alias.', 2, '2020-01-28 20:58:17', '2020-01-28 20:58:17'),
(169, 31, 'Ms. Taryn Doyle', 'Sunt corrupti minus sed aliquam. Inventore neque in eum aut vero ea.', 1, '2020-01-28 20:58:17', '2020-01-28 20:58:17'),
(170, 1, 'Amelia Will MD', 'Facilis iure blanditiis eligendi quo error. Quo doloribus voluptatum dolorem. Blanditiis non et repudiandae quis dolor excepturi nesciunt. Qui et repudiandae ad autem ut. Excepturi nisi et minima ut est.', 2, '2020-01-28 20:58:17', '2020-01-28 20:58:17'),
(171, 50, 'Prof. Jordane Emard I', 'Mollitia numquam maiores ut quia earum veniam. Quidem rerum at quam facere harum quod. Quidem blanditiis vel in eligendi delectus sequi molestias. Ut nisi vero est odio quaerat odio.', 1, '2020-01-28 20:58:17', '2020-01-28 20:58:17'),
(172, 47, 'Verdie Quigley', 'Aut velit fugit excepturi maxime modi quos dolores aut. Quo possimus quas necessitatibus occaecati praesentium consectetur. Tempore est cumque expedita repudiandae. Autem earum consectetur aut. Quia consequatur laboriosam doloribus voluptas beatae ratione.', 4, '2020-01-28 20:58:17', '2020-01-28 20:58:17'),
(173, 30, 'Prof. Jamal Homenick', 'Voluptas eos id ipsa unde voluptatem suscipit eveniet. Dolorum est et repellat maiores soluta. Minus et molestiae est veritatis. Tempora autem quod qui dolor eos.', 0, '2020-01-28 20:58:17', '2020-01-28 20:58:17'),
(174, 9, 'Freeda Mayert', 'Vitae ratione a dolores aut et aut. Veritatis aut distinctio natus magni veritatis. Nostrum et necessitatibus repellendus totam. Ullam aut modi voluptatem veniam pariatur voluptas nostrum. Saepe totam facilis quo.', 1, '2020-01-28 20:58:17', '2020-01-28 20:58:17'),
(175, 2, 'Afton Johnston', 'Doloremque maxime natus veritatis quam aut. Autem qui reprehenderit non voluptates. Amet perspiciatis molestiae consequatur.', 1, '2020-01-28 20:58:17', '2020-01-28 20:58:17'),
(176, 20, 'Kiara Frami IV', 'Officia sapiente fuga officiis atque nemo laborum officiis. Nihil nihil neque architecto explicabo et modi eligendi. Dicta omnis consequatur eligendi atque eum consectetur. Aut sit enim et omnis ab dolorem illum. Nisi voluptas sapiente velit eaque.', 2, '2020-01-28 20:58:17', '2020-01-28 20:58:17'),
(177, 4, 'Glen Mann', 'Aut necessitatibus quisquam quaerat unde ducimus. Eos recusandae libero enim. Nemo iste voluptas excepturi sapiente fugiat assumenda. Qui beatae eos in.', 1, '2020-01-28 20:58:17', '2020-01-28 20:58:17'),
(178, 9, 'Barton Streich', 'Consequatur et blanditiis aut sed labore ea similique. Fuga est modi consectetur laudantium eos odio. Hic excepturi error necessitatibus aut.', 3, '2020-01-28 20:58:17', '2020-01-28 20:58:17'),
(179, 38, 'Cyril Effertz', 'Consequatur dolorem ad voluptatem quam voluptatem rem. Et minus est omnis. Est sunt voluptatem ipsa accusamus doloribus neque cumque. Expedita beatae molestiae nobis eligendi qui velit et.', 5, '2020-01-28 20:58:17', '2020-01-28 20:58:17'),
(180, 21, 'Raphael Nader', 'Aliquid voluptas id nam iure ducimus. Explicabo sunt temporibus maxime quod. Vitae quod error blanditiis nulla dolores dolores. Eveniet fugit ducimus assumenda dicta consequuntur aspernatur expedita.', 3, '2020-01-28 20:58:17', '2020-01-28 20:58:17'),
(181, 6, 'Nicklaus Koss Sr.', 'Id et pariatur fuga eligendi at sit. Inventore quis doloribus enim nihil vero. Dolorem fugit at laudantium qui aut aut laborum.', 3, '2020-01-28 20:58:17', '2020-01-28 20:58:17'),
(182, 17, 'Muriel Bahringer', 'Nulla facilis voluptatem pariatur minima corporis. Quibusdam voluptatem quis sed blanditiis aut ea dolorem. Repellat aspernatur qui et ea aut id. Iure cumque vero et aut.', 0, '2020-01-28 20:58:17', '2020-01-28 20:58:17'),
(183, 25, 'Ettie Lemke', 'Distinctio omnis nobis odit itaque. Consequatur eum non non temporibus nostrum ea. Omnis rerum consequatur qui esse sint omnis voluptas.', 3, '2020-01-28 20:58:17', '2020-01-28 20:58:17'),
(184, 15, 'Ivah Mitchell IV', 'Sunt ut laudantium id rem sed. Delectus animi non id accusantium sint eum distinctio.', 4, '2020-01-28 20:58:17', '2020-01-28 20:58:17'),
(185, 6, 'Jillian McClure', 'Architecto id suscipit repellendus ullam quos. Aut numquam harum sapiente officiis consequatur. Eum explicabo odit labore est et neque. Ipsum et ullam ea aliquid.', 5, '2020-01-28 20:58:17', '2020-01-28 20:58:17'),
(186, 4, 'Electa Stiedemann', 'Autem voluptatibus at et. Aut voluptatibus officiis quas sunt est quam. Placeat quam ipsa et autem.', 4, '2020-01-28 20:58:17', '2020-01-28 20:58:17'),
(187, 4, 'Filiberto Ritchie', 'Aut et error exercitationem dolores at enim tempore quidem. Accusantium in est aliquid exercitationem expedita itaque reprehenderit. Et nostrum nemo ducimus qui. Tenetur consequatur vero pariatur deserunt ea sed.', 3, '2020-01-28 20:58:17', '2020-01-28 20:58:17'),
(188, 19, 'Mr. Brown Volkman MD', 'Et vel sed ea in. Iste eos fugiat omnis iusto facilis. In iste possimus voluptatem excepturi non. Dolor sequi voluptatibus quaerat sed qui.', 3, '2020-01-28 20:58:17', '2020-01-28 20:58:17'),
(189, 33, 'Miss Danika Aufderhar', 'Dolorem ipsum qui ut adipisci minima velit veritatis. Iusto tempora et est laboriosam est quas illo enim. Voluptatem mollitia illo similique consequatur harum. Cum similique hic officiis sunt.', 4, '2020-01-28 20:58:17', '2020-01-28 20:58:17'),
(190, 7, 'Ashley Lebsack', 'A et expedita quia dolorem ratione voluptas. Impedit aut saepe voluptatibus culpa voluptas quibusdam doloremque. Atque molestiae rem ut est neque. Distinctio quos ut quibusdam debitis tempore.', 4, '2020-01-28 20:58:17', '2020-01-28 20:58:17'),
(191, 3, 'Prof. Angus Skiles', 'Esse dicta molestiae voluptatum perspiciatis mollitia. Eius dolores aliquam quis aut. Ipsa esse quam pariatur dolore dolorem. Fuga blanditiis qui omnis totam ipsam et atque.', 5, '2020-01-28 20:58:17', '2020-01-28 20:58:17'),
(192, 27, 'Michael Corwin', 'Maxime qui ut libero consequatur molestiae dicta. Sapiente ea nam molestiae corporis ullam. Ut dolorum consequatur eos tenetur est saepe voluptatem.', 2, '2020-01-28 20:58:17', '2020-01-28 20:58:17'),
(193, 22, 'Kyra Emard', 'Et quia quas et ea molestias dicta est. Ullam suscipit quaerat magni molestiae eaque. Tenetur in fuga reprehenderit sequi ut.', 3, '2020-01-28 20:58:17', '2020-01-28 20:58:17'),
(194, 20, 'Dr. Armand Wehner', 'Culpa reprehenderit sed et consectetur itaque. Quos eum ea odio odit. Sapiente corporis hic laudantium sint sit illo.', 4, '2020-01-28 20:58:17', '2020-01-28 20:58:17'),
(195, 17, 'Miss Ashtyn Schroeder PhD', 'Reiciendis magnam voluptatem dicta quas voluptas necessitatibus quae. Enim sed et non sunt. Et veniam recusandae sequi earum provident quisquam.', 2, '2020-01-28 20:58:17', '2020-01-28 20:58:17'),
(196, 40, 'Mariano Prohaska MD', 'Incidunt sit in mollitia odio beatae. At atque earum dolor distinctio excepturi quisquam. Libero enim ad sed atque est incidunt. Quae sed optio optio nostrum perferendis assumenda.', 1, '2020-01-28 20:58:17', '2020-01-28 20:58:17'),
(197, 16, 'Mr. Charlie Ryan II', 'Odio iusto et sint alias et molestiae. Facilis harum rem debitis aut et. Dolorum debitis omnis quo deserunt qui facilis.', 2, '2020-01-28 20:58:17', '2020-01-28 20:58:17'),
(198, 9, 'Yvonne McCullough III', 'Et est a odit optio consequatur. Quidem quia consequatur dolorem occaecati at cum. Ullam eaque numquam sed et praesentium pariatur.', 0, '2020-01-28 20:58:17', '2020-01-28 20:58:17'),
(199, 22, 'Kaylee Abbott', 'Ex optio molestiae ipsa. Culpa et fugiat enim reiciendis quisquam. Fugit minima vel voluptatibus ea consequuntur quia.', 2, '2020-01-28 20:58:17', '2020-01-28 20:58:17'),
(200, 41, 'Dr. Orin Kling MD', 'Iste voluptatum aut qui eos ut qui. Accusantium neque eos deleniti iusto sunt est. Dolorum voluptates nobis ea cumque et. Voluptatibus omnis illo similique pariatur.', 1, '2020-01-28 20:58:17', '2020-01-28 20:58:17'),
(201, 38, 'Annalise Nolan', 'Placeat eum ipsa aliquid consequuntur at nam molestiae. Est unde et consequuntur. Eum facere dolores quia.', 5, '2020-01-28 20:58:17', '2020-01-28 20:58:17'),
(202, 49, 'Alexandria McGlynn', 'Possimus dolores qui dignissimos ducimus ipsum. Atque rerum neque vitae ut explicabo. Est numquam illo cupiditate molestiae. Facilis neque doloremque ut numquam eum voluptatem.', 1, '2020-01-28 20:58:17', '2020-01-28 20:58:17'),
(203, 26, 'Dr. Dashawn Kuvalis', 'Adipisci iste qui excepturi ut sunt cupiditate consequuntur. Omnis labore perspiciatis dicta facere ipsam ipsum quis perferendis. Recusandae odit temporibus pariatur aut. Est ipsam error enim repudiandae sed aliquid perspiciatis.', 3, '2020-01-28 20:58:17', '2020-01-28 20:58:17'),
(204, 28, 'Ramiro Schmeler', 'Est possimus molestiae quia vitae dolor. Qui exercitationem et sit aut qui deleniti. Consequatur sed quidem id. Sint consequatur laboriosam corrupti cum.', 0, '2020-01-28 20:58:17', '2020-01-28 20:58:17');
INSERT INTO `reviews` (`id`, `product_id`, `customer`, `review`, `star`, `created_at`, `updated_at`) VALUES
(205, 3, 'Mckenna Kihn V', 'Eos magni sit assumenda magni dolores doloremque accusamus doloribus. Quis sit et quisquam ab reprehenderit. Nobis assumenda at earum quis sequi quia. Voluptatibus officiis excepturi aspernatur beatae nam corrupti.', 0, '2020-01-28 20:58:17', '2020-01-28 20:58:17'),
(206, 43, 'Prof. Kamron Murazik MD', 'Omnis dicta est neque et dolor. Ut numquam asperiores ut quasi. Autem quae accusantium quia iste omnis aut.', 3, '2020-01-28 20:58:17', '2020-01-28 20:58:17'),
(207, 23, 'Jules Frami', 'Non qui et recusandae consequatur nobis. Neque quasi consequatur sunt praesentium et. Quia ipsum pariatur voluptatem nostrum.', 1, '2020-01-28 20:58:17', '2020-01-28 20:58:17'),
(208, 34, 'Maximilian Bashirian IV', 'Odio minus est assumenda labore. Nihil eaque quibusdam et ut qui. Vero unde facere eum pariatur consequatur quidem. Sint qui accusamus sunt a qui.', 1, '2020-01-28 20:58:17', '2020-01-28 20:58:17'),
(209, 42, 'Montana Cummerata', 'Repellat molestiae numquam animi voluptatem quo. Itaque qui qui et ipsa quos et harum id. Fugiat doloribus repudiandae mollitia sunt.', 3, '2020-01-28 20:58:17', '2020-01-28 20:58:17'),
(210, 27, 'Ms. Tia Reichel IV', 'Aut aut cum facilis doloremque. Repellendus quis maxime adipisci dolores atque distinctio. Ut omnis laudantium id cum eveniet quia.', 2, '2020-01-28 20:58:17', '2020-01-28 20:58:17'),
(211, 1, 'Harrison Vandervort', 'Deleniti quaerat rerum et culpa praesentium qui rerum omnis. Possimus aut dolorem hic deleniti architecto.', 5, '2020-01-28 20:58:17', '2020-01-28 20:58:17'),
(212, 33, 'Nicole Rippin', 'Sed impedit laboriosam rerum molestias voluptatem. Rerum recusandae dicta animi quasi placeat. Ut dolor ea minus et dolor doloribus.', 1, '2020-01-28 20:58:17', '2020-01-28 20:58:17'),
(213, 44, 'Felipe Kuphal', 'Sequi incidunt sed placeat et. Aliquid culpa at delectus deserunt dolor iusto.', 2, '2020-01-28 20:58:17', '2020-01-28 20:58:17'),
(214, 15, 'Damian Blick', 'Qui nulla ex mollitia et libero repellat libero saepe. Qui doloremque optio mollitia excepturi et.', 0, '2020-01-28 20:58:17', '2020-01-28 20:58:17'),
(215, 17, 'Dr. Virgie Romaguera PhD', 'Temporibus ratione quam voluptatem ab officiis quisquam. Enim omnis sint velit quidem praesentium. Qui incidunt pariatur necessitatibus porro labore non distinctio. Error adipisci nesciunt at voluptas consequuntur voluptates quia. Nihil quia magnam omnis explicabo quidem laboriosam.', 0, '2020-01-28 20:58:17', '2020-01-28 20:58:17'),
(216, 23, 'Prof. Howard Towne Sr.', 'Aut officiis impedit minima vero. Aliquam minus alias non quasi dolor omnis at similique. Adipisci id nihil ut rerum perferendis culpa.', 4, '2020-01-28 20:58:17', '2020-01-28 20:58:17'),
(217, 17, 'Nathen Dicki', 'Consequuntur unde harum consequuntur dolores quis modi. Quaerat consectetur vero ad dicta accusantium numquam. Rerum vero expedita aut placeat dolorum. Assumenda ut illo eos.', 0, '2020-01-28 20:58:17', '2020-01-28 20:58:17'),
(218, 14, 'Mr. Torey Pouros DVM', 'Expedita id voluptate cumque praesentium et officiis. Sed doloremque modi ut quam eius neque veritatis.', 0, '2020-01-28 20:58:17', '2020-01-28 20:58:17'),
(219, 45, 'Corbin Hickle', 'Sed ipsam aut aut ullam ratione. Ut sunt adipisci voluptatum mollitia dolor est. Corrupti aut saepe quam velit.', 1, '2020-01-28 20:58:17', '2020-01-28 20:58:17'),
(220, 12, 'Kianna Dicki', 'Repudiandae enim quo nihil voluptatem. Ut voluptatem repudiandae maiores nisi porro dolorem.', 5, '2020-01-28 20:58:17', '2020-01-28 20:58:17'),
(221, 18, 'Gerard Vandervort', 'Perspiciatis quis culpa debitis illo libero quasi. Corporis doloribus explicabo nostrum explicabo enim placeat. Est sed odit quasi aut in quidem.', 5, '2020-01-28 20:58:17', '2020-01-28 20:58:17'),
(222, 6, 'Kaylie Murray', 'Et et enim distinctio soluta ut. Ab deleniti illum explicabo repellendus accusantium reprehenderit. Ut in pariatur autem perferendis non consequatur. Nihil velit aliquid hic consequatur.', 4, '2020-01-28 20:58:17', '2020-01-28 20:58:17'),
(223, 1, 'Prof. Monroe Brekke', 'Animi maiores dolorem maxime sit rerum ab. Debitis aliquid aut et. Fuga ipsum accusamus rerum consequatur aperiam. Doloremque cupiditate expedita ipsam autem dolores aut et.', 4, '2020-01-28 20:58:17', '2020-01-28 20:58:17'),
(224, 50, 'Betty Dooley', 'Veritatis rerum ut veniam hic distinctio. Possimus odio expedita officia tempora pariatur id.', 4, '2020-01-28 20:58:17', '2020-01-28 20:58:17'),
(225, 19, 'Jaiden Skiles', 'Expedita asperiores corporis velit minus odio. Magnam quis et id aperiam ea. Vitae omnis rerum et incidunt enim numquam quam. Rerum molestiae eveniet blanditiis aliquid modi ut. Beatae doloribus officia dolorum ut et ad amet.', 5, '2020-01-28 20:58:17', '2020-01-28 20:58:17'),
(226, 50, 'Maurice Aufderhar', 'Ea odit quos architecto sed assumenda error. Nihil accusamus dolore dolore omnis maiores rerum. Eius expedita dolorem qui ipsam illo eius.', 1, '2020-01-28 20:58:17', '2020-01-28 20:58:17'),
(227, 50, 'Velda Muller', 'Eligendi eos rerum porro repellat. Aut quos exercitationem odit voluptas. Omnis qui alias perspiciatis sit. Sunt assumenda velit atque facilis dolores repudiandae.', 3, '2020-01-28 20:58:17', '2020-01-28 20:58:17'),
(228, 7, 'Jade Moen', 'Nostrum qui ut eos quis. Commodi veniam corporis aut alias. Repudiandae rem omnis quia odio inventore ex.', 2, '2020-01-28 20:58:17', '2020-01-28 20:58:17'),
(229, 38, 'Mr. Gaylord Glover', 'Sit sit laboriosam eos reiciendis voluptatem quaerat qui. In voluptas quia illum eum sint dicta. Ducimus nihil ullam itaque possimus temporibus sit sunt. Non illum id architecto et consequatur est.', 0, '2020-01-28 20:58:17', '2020-01-28 20:58:17'),
(230, 20, 'Samir Lesch', 'Et voluptatem libero ea vero odio voluptates qui. Id totam sint veniam rem ea voluptatem officiis. Porro omnis similique vero sint. Porro ut et adipisci quo.', 5, '2020-01-28 20:58:17', '2020-01-28 20:58:17'),
(231, 35, 'Bernardo Wiza', 'Architecto ratione dolorum tenetur quam nulla dolore officiis et. Consequatur quia earum laborum maiores animi. Distinctio rerum atque facilis non laborum tenetur voluptatum quia. Repudiandae libero quos temporibus aliquid nulla.', 0, '2020-01-28 20:58:17', '2020-01-28 20:58:17'),
(232, 38, 'Noe McClure', 'Ea quia dolorum et inventore repellendus. Omnis facilis maiores adipisci quo. Voluptatem nihil illum sit rerum aut deserunt et perferendis.', 5, '2020-01-28 20:58:17', '2020-01-28 20:58:17'),
(233, 22, 'Roy Hoeger', 'Harum voluptatem accusantium sit temporibus. Adipisci est et ducimus non. Rem qui nemo ratione harum fugiat. Quia laboriosam molestias dolor ullam ipsam aut totam doloremque.', 1, '2020-01-28 20:58:17', '2020-01-28 20:58:17'),
(234, 43, 'Clark Schroeder V', 'Vitae aut consequatur quia nisi quia autem. Perferendis aliquam cupiditate sint quis quia repellat. Nihil nemo hic maxime est adipisci.', 3, '2020-01-28 20:58:17', '2020-01-28 20:58:17'),
(235, 34, 'Miss Kali Gutmann', 'Sed aut quibusdam autem placeat fuga magni voluptas. Perferendis est maxime velit maiores. Iste error sunt tenetur libero aliquam rerum. Sed cum beatae delectus corporis rerum natus. Expedita animi consectetur cumque quis odio iure saepe.', 5, '2020-01-28 20:58:17', '2020-01-28 20:58:17'),
(236, 44, 'Trent Schamberger', 'Corporis repudiandae qui sint provident. Maxime et aspernatur commodi et a dolor dolores. Quia deserunt consequuntur pariatur et autem. Eveniet et neque possimus ducimus ad minus.', 1, '2020-01-28 20:58:17', '2020-01-28 20:58:17'),
(237, 47, 'Nicholas Purdy', 'Voluptatem nobis mollitia quo dolorum occaecati impedit totam voluptas. Facilis facilis quia dolorum dolorem dolore dolorum et. Autem molestiae officiis saepe repellat quibusdam quasi eos vero. Corrupti molestias omnis quod totam et saepe.', 0, '2020-01-28 20:58:17', '2020-01-28 20:58:17'),
(238, 10, 'Mariane Blick', 'Voluptatem placeat sit dolorem consectetur. Repellat laudantium quam voluptas nisi expedita harum error. Delectus maxime voluptate quos fugiat. Voluptas dolores esse laborum aliquid fugiat.', 0, '2020-01-28 20:58:17', '2020-01-28 20:58:17'),
(239, 19, 'Selina Reinger Jr.', 'Molestiae autem dolore facere. Id consectetur est ipsam harum. Minus non pariatur assumenda consectetur. Repellendus sit officiis quis sit quasi modi. Cumque sint quam est quo quidem exercitationem eaque.', 0, '2020-01-28 20:58:17', '2020-01-28 20:58:17'),
(240, 7, 'Camren Mertz', 'Ullam quis alias accusantium fuga. Doloribus quos qui consequatur numquam maiores. Amet et excepturi doloremque sequi voluptatem molestiae at rerum.', 3, '2020-01-28 20:58:17', '2020-01-28 20:58:17'),
(241, 31, 'Mable Carroll', 'Eum dolor nisi laboriosam repellat aut. Labore dolorem ipsa quae commodi quasi. Nesciunt earum suscipit nisi non cum error eos quia. Labore ratione perferendis molestias maiores est. Veritatis nostrum quia atque aut ut vitae blanditiis architecto.', 2, '2020-01-28 20:58:17', '2020-01-28 20:58:17'),
(242, 35, 'Verna Reichert', 'Facilis reprehenderit labore amet itaque. Nihil rerum qui voluptas soluta non. Eum occaecati dolore voluptatem molestiae et quo quia hic.', 4, '2020-01-28 20:58:17', '2020-01-28 20:58:17'),
(243, 33, 'Dr. Thora Rogahn PhD', 'Nemo numquam et quis. Quo voluptate vel et in. Blanditiis nemo fugiat omnis et veritatis nihil rerum voluptatem.', 1, '2020-01-28 20:58:17', '2020-01-28 20:58:17'),
(244, 7, 'Kira Terry', 'Aut voluptatem accusamus tenetur est numquam esse pariatur. Natus delectus sequi qui culpa animi tenetur nobis et. Numquam earum dolorem et dolor error aut.', 2, '2020-01-28 20:58:17', '2020-01-28 20:58:17'),
(245, 19, 'Garrett Muller DVM', 'Vel inventore labore aliquam fuga omnis excepturi. Vel et voluptate aut voluptatem eligendi. Beatae repudiandae fugit consequatur laboriosam non sit.', 3, '2020-01-28 20:58:17', '2020-01-28 20:58:17'),
(246, 29, 'Hanna Huel III', 'Quam consequatur eos laboriosam et ullam illo. Eos similique doloribus qui distinctio voluptas sunt et ut. Perferendis natus quas sit et deserunt voluptates.', 4, '2020-01-28 20:58:17', '2020-01-28 20:58:17'),
(247, 43, 'Prof. Ansley Borer', 'Doloribus dicta eum ab aliquid quia iste explicabo. Dolor quisquam omnis quis fugit dolores quasi. Quos facilis est et.', 4, '2020-01-28 20:58:17', '2020-01-28 20:58:17'),
(248, 12, 'Carey Brekke', 'Laudantium dolor voluptate sint rem libero. Dolores asperiores aliquam placeat animi ipsum. Sit vel harum consequatur beatae est laborum explicabo.', 2, '2020-01-28 20:58:17', '2020-01-28 20:58:17'),
(249, 22, 'Sandy Jacobi', 'Nesciunt et enim molestiae. Quidem sed qui accusantium labore consequuntur officiis non nihil. Qui dignissimos earum laborum et quia ipsam dolor. Excepturi ab eligendi repellat.', 2, '2020-01-28 20:58:17', '2020-01-28 20:58:17'),
(250, 31, 'Abdullah Nicolas III', 'Sit eum expedita voluptatem beatae. Velit et voluptas id. Velit soluta ab dolorem temporibus.', 3, '2020-01-28 20:58:17', '2020-01-28 20:58:17'),
(251, 3, 'Reina Homenick', 'Ut quibusdam ut temporibus laboriosam labore. Atque ipsam harum repellat repellat consequatur voluptatem ipsa. Omnis id at earum omnis et. Sit quasi delectus earum impedit corrupti reiciendis amet.', 2, '2020-01-28 20:58:17', '2020-01-28 20:58:17'),
(252, 24, 'Mr. Carmelo Marks', 'Beatae vel repellat error voluptate. Sed voluptate provident culpa sed enim officia incidunt. Cupiditate ullam qui ut.', 0, '2020-01-28 20:58:17', '2020-01-28 20:58:17'),
(253, 49, 'Dr. Dina Runolfsson Sr.', 'Similique labore voluptatum ut. Possimus dolore officia consequatur ut vel sed iste. Qui pariatur fugit voluptatem distinctio pariatur quos non. Ut odit nostrum et tempore.', 1, '2020-01-28 20:58:17', '2020-01-28 20:58:17'),
(254, 14, 'Jamal Smitham', 'Architecto quo distinctio sunt placeat veritatis soluta numquam. Voluptates molestiae corrupti qui repellendus quisquam.', 2, '2020-01-28 20:58:17', '2020-01-28 20:58:17'),
(255, 18, 'Rhianna Green I', 'Qui sunt voluptas sed ut consequatur. Quos id ut vero. Aut sapiente explicabo et quo.', 1, '2020-01-28 20:58:17', '2020-01-28 20:58:17'),
(256, 4, 'Tomasa Tromp Jr.', 'Velit vero in ducimus minus mollitia. Sit aut nihil ut in aut ipsum maiores. Vel soluta quia aut nostrum.', 2, '2020-01-28 20:58:17', '2020-01-28 20:58:17'),
(257, 35, 'Haylie Emard Sr.', 'Perferendis minima quae aut pariatur. Consectetur eius praesentium est aut facere eveniet vitae. Ut itaque error praesentium quam quae.', 1, '2020-01-28 20:58:17', '2020-01-28 20:58:17'),
(258, 37, 'Ellen Torp', 'Quia consequuntur ducimus pariatur placeat et animi reiciendis voluptates. Totam omnis voluptas facilis cupiditate necessitatibus consequatur repudiandae voluptates. Voluptates debitis iste eius suscipit suscipit voluptatem dolorem.', 5, '2020-01-28 20:58:17', '2020-01-28 20:58:17'),
(259, 14, 'Madyson Osinski', 'Sint repellat inventore cumque amet numquam qui. Et omnis vel nobis laudantium consequatur.', 2, '2020-01-28 20:58:17', '2020-01-28 20:58:17'),
(260, 50, 'Bernita Kuhn', 'Ratione consectetur temporibus est quos. Dolor maxime velit culpa molestiae. Quae tenetur voluptatem ducimus itaque minus voluptatibus. Laudantium tenetur harum nam non possimus.', 0, '2020-01-28 20:58:17', '2020-01-28 20:58:17'),
(261, 42, 'Dr. Brayan Stanton PhD', 'Cum id similique doloribus voluptatem voluptas. Quia ab dignissimos maiores. Laborum omnis consequatur maxime rem atque nobis. Pariatur veritatis sunt dolore.', 3, '2020-01-28 20:58:17', '2020-01-28 20:58:17'),
(262, 45, 'Anahi McCullough', 'Iusto tempora consequatur similique omnis non praesentium dicta. Sed sed quae qui vero adipisci voluptates inventore facere. Iusto sunt exercitationem pariatur. Quaerat labore reprehenderit numquam ad dignissimos eaque amet iste. Quaerat quam cumque odio occaecati natus.', 3, '2020-01-28 20:58:17', '2020-01-28 20:58:17'),
(263, 25, 'Mr. Larry Lakin I', 'Repudiandae perferendis illo cupiditate debitis. Sunt sit quisquam et. Laudantium veritatis corrupti est nulla quibusdam necessitatibus. Sunt odio ducimus sunt aut.', 3, '2020-01-28 20:58:17', '2020-01-28 20:58:17'),
(264, 10, 'Nannie Hackett', 'Autem nesciunt tempora nesciunt eos. Ab est accusamus consectetur provident nihil soluta porro. Et quaerat distinctio laudantium explicabo minus sint id. Et repudiandae excepturi eveniet et sed blanditiis ab.', 1, '2020-01-28 20:58:17', '2020-01-28 20:58:17'),
(265, 10, 'Dr. Garrick Bogisich', 'Similique consequatur autem qui sit et veritatis facilis. Aliquam quidem ea iusto in et ipsa. Aut ut magni accusamus et. Ea harum commodi tempora dolorum ipsa doloremque.', 3, '2020-01-28 20:58:17', '2020-01-28 20:58:17'),
(266, 14, 'Ms. Laurine Schowalter V', 'Dolores in vel necessitatibus velit iusto praesentium repellat. Rerum sapiente sed quod alias minus tempora sit dicta. Id vel modi quia cumque.', 0, '2020-01-28 20:58:17', '2020-01-28 20:58:17'),
(267, 4, 'Donnell Lakin', 'Et ullam ea laboriosam veniam. Laborum tenetur et odit consequatur. Quia assumenda doloribus velit quas aut ut occaecati dolorem.', 1, '2020-01-28 20:58:17', '2020-01-28 20:58:17'),
(268, 35, 'Dr. Meredith Daniel MD', 'Ullam sed delectus nostrum tempore. Et ratione harum corporis blanditiis omnis occaecati. Dignissimos corrupti autem architecto quod nam consequatur. Et mollitia eos quae at.', 0, '2020-01-28 20:58:17', '2020-01-28 20:58:17'),
(269, 47, 'Ms. Hortense Balistreri', 'Nobis et asperiores quae quia. Blanditiis quis sint explicabo eum fuga animi. Placeat odio officiis praesentium est laboriosam non. At earum voluptas nobis voluptatem aut ut.', 1, '2020-01-28 20:58:17', '2020-01-28 20:58:17'),
(270, 2, 'Prof. Eduardo Hessel', 'Esse a ipsam illo. Inventore est nisi dolores inventore expedita consequatur. Hic nesciunt perspiciatis rerum voluptate. Quos odit et tenetur.', 4, '2020-01-28 20:58:17', '2020-01-28 20:58:17'),
(271, 1, 'Clovis Schaefer', 'Animi quae illum consequatur qui adipisci maiores eos. Autem omnis aut voluptatem eos atque. Qui repellat nihil voluptatem fugit similique non id. Voluptatum rerum vitae voluptatibus corporis voluptates molestiae.', 2, '2020-01-28 20:58:17', '2020-01-28 20:58:17'),
(272, 21, 'Vella Dare', 'Dolorem vel asperiores autem quo. Cum itaque et nulla est nihil iusto quia deleniti. Qui vel unde ut occaecati fugiat dolorum voluptatem. Sed cum culpa non et id. Voluptatibus ad consequuntur ut eum.', 3, '2020-01-28 20:58:17', '2020-01-28 20:58:17'),
(273, 33, 'Sydnee Jast', 'Ipsum dolores a ut vel sint. Porro deleniti est quaerat. Odio ut et praesentium quaerat itaque. Non voluptatem in recusandae dolor ad eum provident.', 4, '2020-01-28 20:58:17', '2020-01-28 20:58:17'),
(274, 38, 'Jarrell Berge', 'Dolor odio reprehenderit ut repudiandae. Vero ratione distinctio dolorem labore ab. Dolor tempora doloremque facilis ullam.', 2, '2020-01-28 20:58:17', '2020-01-28 20:58:17'),
(275, 34, 'Miss Avis Dickens III', 'Libero culpa enim magnam amet et. Dolor consectetur nihil aut sequi soluta ad. Est sit voluptas minima sapiente esse velit natus.', 1, '2020-01-28 20:58:17', '2020-01-28 20:58:17'),
(276, 48, 'Prof. Ila Bradtke Jr.', 'Accusantium expedita vero culpa quos quia inventore voluptate. Nobis quis quod asperiores nesciunt ut. Quo non vel aliquid saepe saepe ad quos. Est accusantium impedit vel enim at exercitationem quis aliquam.', 0, '2020-01-28 20:58:17', '2020-01-28 20:58:17'),
(277, 25, 'Flavie Goodwin', 'Sit quia dicta et et maxime. Ea labore alias sunt perferendis et accusantium adipisci. Unde odit ipsa labore reprehenderit natus.', 0, '2020-01-28 20:58:17', '2020-01-28 20:58:17'),
(278, 11, 'Rodrigo Corkery', 'Possimus voluptas veritatis recusandae et quae. Minus qui ipsam aut atque occaecati quidem. Omnis voluptatibus porro aut delectus doloremque iure eum sunt.', 0, '2020-01-28 20:58:17', '2020-01-28 20:58:17'),
(279, 22, 'Dorris Stroman', 'Error omnis non occaecati non minus. Aut quidem magnam sunt ut. Doloribus fugit illum et fugiat et quam nam.', 4, '2020-01-28 20:58:17', '2020-01-28 20:58:17'),
(280, 17, 'Emmanuel Simonis', 'Consequuntur voluptas iste neque vel dolorem voluptas. In velit non consectetur mollitia sint necessitatibus. Omnis dolorem accusamus eum sit reprehenderit odit.', 1, '2020-01-28 20:58:17', '2020-01-28 20:58:17'),
(281, 36, 'Bud Robel', 'Explicabo similique voluptas quos. Hic officia et ab nemo vero quis quae. In et quia sapiente beatae modi. Id est aut optio officiis possimus.', 2, '2020-01-28 20:58:17', '2020-01-28 20:58:17'),
(282, 28, 'Libbie Raynor', 'Illum veritatis iure in dolore aut enim. Iusto voluptas sunt omnis porro recusandae voluptatibus sit optio. Ex velit placeat voluptatum omnis fugit.', 1, '2020-01-28 20:58:17', '2020-01-28 20:58:17'),
(283, 35, 'Everette Mohr', 'Omnis omnis nihil et rerum voluptates. Omnis repudiandae perferendis id quia aspernatur eaque enim. Praesentium perspiciatis voluptatem dolorem sed officiis exercitationem. Excepturi quam quia velit voluptatum quia voluptatem.', 0, '2020-01-28 20:58:17', '2020-01-28 20:58:17'),
(284, 22, 'America Schaefer', 'Dicta odit dolores nemo est dolores. Sunt quibusdam suscipit recusandae dolorum eos quia ex. Itaque occaecati eveniet magnam consequuntur quisquam dicta.', 3, '2020-01-28 20:58:17', '2020-01-28 20:58:17'),
(285, 33, 'Prof. Christa Bayer PhD', 'Dolores incidunt quis quo aut. Voluptas neque consectetur vel est nobis qui. A alias eius nam.', 0, '2020-01-28 20:58:17', '2020-01-28 20:58:17'),
(286, 49, 'Dixie Gulgowski DDS', 'Aliquid eveniet dolorem et suscipit omnis error non. Aut voluptas voluptates qui iste magni. Qui et cumque alias ducimus.', 0, '2020-01-28 20:58:17', '2020-01-28 20:58:17'),
(287, 11, 'Brennon Bechtelar', 'Aperiam dolorem facere voluptatem quis commodi. Eos sapiente sint ut aut necessitatibus ex. Nihil aut eveniet ea mollitia illum dicta in. Nobis ad ea ea quia minus autem.', 1, '2020-01-28 20:58:17', '2020-01-28 20:58:17'),
(288, 50, 'Arielle Ankunding', 'Quos unde molestiae aliquam possimus animi aliquam dicta. Nesciunt est eveniet dolor sunt veniam. Facere accusantium accusantium saepe soluta eaque et. Hic quibusdam mollitia et qui corrupti impedit.', 3, '2020-01-28 20:58:17', '2020-01-28 20:58:17'),
(289, 45, 'Guiseppe Kuhn', 'Aut mollitia iure blanditiis. Sapiente consequatur ut natus non officia. Ut sit magnam enim est praesentium voluptatum est. Eos occaecati et sapiente libero fugiat omnis et odit.', 0, '2020-01-28 20:58:17', '2020-01-28 20:58:17'),
(290, 24, 'Mrs. Oma Toy DDS', 'Est suscipit aliquam provident rerum sed pariatur mollitia. Voluptas fugit voluptatem consectetur repellendus.', 4, '2020-01-28 20:58:17', '2020-01-28 20:58:17'),
(291, 10, 'Miss Dariana Gusikowski V', 'Iure minus et ut fugit incidunt fugiat qui. Eos mollitia sed molestiae culpa vel earum molestiae. Nihil dolorem voluptates iusto velit beatae mollitia consequatur provident.', 0, '2020-01-28 20:58:17', '2020-01-28 20:58:17'),
(292, 23, 'Max Lindgren', 'Consequatur tempore aperiam voluptas dolor eligendi. Iure ut ut et quae vero sed. Debitis nam id quis cum. Aliquam quia provident quaerat debitis voluptas perferendis minus.', 5, '2020-01-28 20:58:17', '2020-01-28 20:58:17'),
(293, 9, 'Laura Howell', 'Facere sapiente veniam consequatur eius necessitatibus. Et molestias sit assumenda est enim et. Nisi autem ut illo est incidunt illo. Minus voluptates voluptas quis placeat.', 4, '2020-01-28 20:58:17', '2020-01-28 20:58:17'),
(294, 48, 'Dr. Cameron Murray I', 'Et illo laborum doloremque error inventore quia quo. Fugiat accusantium sed tempora quia qui. Ut maxime reprehenderit autem exercitationem vel porro nam. Iste ut assumenda excepturi minus delectus ut.', 0, '2020-01-28 20:58:17', '2020-01-28 20:58:17'),
(295, 29, 'Conner Kuvalis', 'Fuga numquam eligendi illum quae nostrum. Ea consequatur quam voluptas totam. Mollitia itaque cum alias et. Temporibus odio rem consequatur et.', 3, '2020-01-28 20:58:17', '2020-01-28 20:58:17'),
(296, 4, 'Dax Rowe I', 'Consequatur in nobis quia sed corporis. Quia autem odit molestiae possimus mollitia. Delectus minus fugit tempore eius. Eius sit quo eos ex corrupti optio.', 1, '2020-01-28 20:58:17', '2020-01-28 20:58:17'),
(297, 10, 'Juliana Turner PhD', 'Porro delectus explicabo nisi culpa quidem aperiam. Aut accusantium a quisquam est sit nulla. Harum atque voluptas sit.', 0, '2020-01-28 20:58:17', '2020-01-28 20:58:17'),
(298, 12, 'Laurie McClure', 'Et et adipisci accusamus quia est voluptatem. At quis architecto quis non assumenda. Illum sed optio ex iure quibusdam.', 4, '2020-01-28 20:58:17', '2020-01-28 20:58:17'),
(299, 44, 'Mekhi Champlin', 'Reiciendis rerum alias culpa iure nesciunt. Et aut eos id. Nihil officiis modi et quia consequuntur. Dolorem natus optio dolor quia laboriosam quia nihil ipsam. Assumenda quidem non et ea necessitatibus.', 4, '2020-01-28 20:58:17', '2020-01-28 20:58:17'),
(300, 30, 'Mr. Nicola Watsica', 'Earum consectetur tenetur ad cupiditate. Placeat eligendi nobis ut omnis iusto reprehenderit similique. Aperiam mollitia minus voluptate tempore et repellat dolor recusandae. Incidunt suscipit iusto accusamus praesentium consequatur omnis aperiam minus. Enim recusandae earum eligendi beatae quia et.', 3, '2020-01-28 20:58:17', '2020-01-28 20:58:17');

-- --------------------------------------------------------

--
-- Table structure for table `users`
--

CREATE TABLE `users` (
  `id` bigint(20) UNSIGNED NOT NULL,
  `name` varchar(191) COLLATE utf8mb4_unicode_ci NOT NULL,
  `email` varchar(191) COLLATE utf8mb4_unicode_ci NOT NULL,
  `email_verified_at` timestamp NULL DEFAULT NULL,
  `password` varchar(191) COLLATE utf8mb4_unicode_ci NOT NULL,
  `remember_token` varchar(100) COLLATE utf8mb4_unicode_ci DEFAULT NULL,
  `created_at` timestamp NULL DEFAULT NULL,
  `updated_at` timestamp NULL DEFAULT NULL
) ENGINE=InnoDB DEFAULT CHARSET=utf8mb4 COLLATE=utf8mb4_unicode_ci;

--
-- Indexes for dumped tables
--

--
-- Indexes for table `failed_jobs`
--
ALTER TABLE `failed_jobs`
  ADD PRIMARY KEY (`id`);

--
-- Indexes for table `migrations`
--
ALTER TABLE `migrations`
  ADD PRIMARY KEY (`id`);

--
-- Indexes for table `password_resets`
--
ALTER TABLE `password_resets`
  ADD KEY `password_resets_email_index` (`email`);

--
-- Indexes for table `products`
--
ALTER TABLE `products`
  ADD PRIMARY KEY (`id`);

--
-- Indexes for table `reviews`
--
ALTER TABLE `reviews`
  ADD PRIMARY KEY (`id`),
  ADD KEY `reviews_product_id_index` (`product_id`);

--
-- Indexes for table `users`
--
ALTER TABLE `users`
  ADD PRIMARY KEY (`id`),
  ADD UNIQUE KEY `users_email_unique` (`email`);

--
-- AUTO_INCREMENT for dumped tables
--

--
-- AUTO_INCREMENT for table `failed_jobs`
--
ALTER TABLE `failed_jobs`
  MODIFY `id` bigint(20) UNSIGNED NOT NULL AUTO_INCREMENT;
--
-- AUTO_INCREMENT for table `migrations`
--
ALTER TABLE `migrations`
  MODIFY `id` int(10) UNSIGNED NOT NULL AUTO_INCREMENT, AUTO_INCREMENT=6;
--
-- AUTO_INCREMENT for table `products`
--
ALTER TABLE `products`
  MODIFY `id` bigint(20) UNSIGNED NOT NULL AUTO_INCREMENT, AUTO_INCREMENT=51;
--
-- AUTO_INCREMENT for table `reviews`
--
ALTER TABLE `reviews`
  MODIFY `id` bigint(20) UNSIGNED NOT NULL AUTO_INCREMENT, AUTO_INCREMENT=301;
--
-- AUTO_INCREMENT for table `users`
--
ALTER TABLE `users`
  MODIFY `id` bigint(20) UNSIGNED NOT NULL AUTO_INCREMENT;
--
-- Constraints for dumped tables
--

--
-- Constraints for table `reviews`
--
ALTER TABLE `reviews`
  ADD CONSTRAINT `reviews_product_id_foreign` FOREIGN KEY (`product_id`) REFERENCES `products` (`id`) ON DELETE CASCADE;

/*!40101 SET CHARACTER_SET_CLIENT=@OLD_CHARACTER_SET_CLIENT */;
/*!40101 SET CHARACTER_SET_RESULTS=@OLD_CHARACTER_SET_RESULTS */;
/*!40101 SET COLLATION_CONNECTION=@OLD_COLLATION_CONNECTION */;
